frame,ts_ns,in_points,roi_points,raw_candidates,confirmed,max_dist,dist_list,zone_list,size_list,track_id_list,proc_ms
1,1788354623110040384,921600,95620,11,0,0.0,[],[],[],[],74.1
2,1788354623210133818,921600,95584,11,0,0.0,[],[],[],[],33.5
3,1788354623301011132,921600,95580,11,0,0.0,[],[],[],[],27.8
4,1788354623393736917,921600,95629,9,0,0.0,[],[],[],[],16.2
5,1788354623493171874,921600,95519,10,0,0.0,[],[],[],[],13.6
6,1788354623592582162,921600,95603,10,0,0.0,[],[],[],[],12.7
7,1788354623694205255,921600,95574,8,0,0.0,[],[],[],[],20.2
8,1788354623794177870,921600,95603,10,0,0.0,[],[],[],[],15.5
9,1788354623895983304,921600,95520,11,0,0.0,[],[],[],[],12.8
10,1788354624000304661,921600,95613,12,0,0.0,[],[],[],[],12.5
11,1788354624096687234,921600,95596,7,0,0.0,[],[],[],[],12.5
12,1788354624196840376,921600,95614,11,0,0.0,[],[],[],[],12.6
13,1788354624305537930,921600,95586,10,0,0.0,[],[],[],[],13.3
14,1788354624405331031,921600,95531,10,0,0.0,[],[],[],[],13.6
15,1788354624505599273,921600,95523,9,0,0.0,[],[],[],[],12.7
16,1788354624601901346,921600,95575,12,1,44.6,[44.6],['INSIDE'],"[[0.22, 0.17, 0.4]]",[13],16.9
17,1788354624709686516,921600,95641,9,2,44.6,"[42.8, 44.6]","['INSIDE', 'INSIDE']","[[1.42, 0.88, 0.06], [0.26, 0.2, 0.4]]","[8, 13]",13.7
18,1788354624803121202,921600,95592,11,2,44.6,"[31.3, 44.6]","['RAIL', 'INSIDE']","[[0.59, 0.38, 0.21], [0.22, 0.17, 0.4]]","[15, 13]",12.2
19,1788354624895623930,921600,95639,8,3,44.6,"[31.2, 42.7, 44.6]","['RAIL', 'INSIDE', 'INSIDE']","[[0.67, 0.33, 0.21], [1.38, 0.88, 0.06], [0.28, 0.22, 0.41]]","[15, 8, 13]",12.2
20,1788354624996868725,921600,95581,11,4,44.6,"[31.3, 34.3, 39.8, 44.6]","['RAIL', 'RAIL', 'INSIDE', 'INSIDE']","[[0.55, 0.33, 0.21], [1.59, 0.4, 0.69], [1.12, 0.09, 0.45], [0.25, 0.2, 0.4]]","[15, 6, 8, 13]",25.7
21,1788354625096075341,921600,95563,11,4,44.6,"[31.3, 34.6, 34.6, 44.6]","['RAIL', 'INSIDE', 'RAIL', 'INSIDE']","[[0.58, 0.32, 0.21], [1.17, 2.13, 2.39], [0.99, 0.25, 0.62], [0.26, 0.22, 0.4]]","[15, 5, 6, 13]",14.8
22,1788354625198532267,921600,95644,9,5,43.4,"[31.3, 34.3, 34.5, 39.8, 43.4]","['RAIL', 'RAIL', 'INSIDE', 'INSIDE', 'INSIDE']","[[0.56, 0.33, 0.26], [1.59, 0.41, 0.69], [1.13, 2.02, 2.38], [1.1, 0.11, 0.45], [0.92, 0.9, 0.04]]","[15, 6, 5, 8, 13]",12.7
23,1788354625300141499,921600,95505,11,4,38.1,"[31.3, 34.3, 34.5, 38.1]","['RAIL', 'INSIDE', 'RAIL', 'INSIDE']","[[0.58, 0.39, 0.21], [1.1, 2.01, 2.38], [1.6, 0.42, 0.69], [1.09, 0.64, 0.06]]","[15, 5, 6, 8]",15.2
24,1788354625400689306,921600,95504,12,5,43.4,"[31.3, 34.3, 34.6, 39.8, 43.4]","['RAIL', 'RAIL', 'INSIDE', 'INSIDE', 'INSIDE']","[[0.63, 0.32, 0.25], [1.57, 0.37, 0.62], [1.17, 2.01, 2.38], [1.13, 0.08, 0.52], [0.95, 0.9, 0.04]]","[15, 6, 5, 8, 13]",34.0
25,1788354625493345046,921600,95612,11,5,44.6,"[29.9, 31.3, 34.6, 40.3, 44.6]","['RAIL', 'RAIL', 'INSIDE', 'INSIDE', 'INSIDE']","[[0.17, 0.19, 0.18], [0.6, 0.33, 0.21], [1.19, 2.13, 2.39], [0.27, 0.12, 0.52], [0.25, 0.17, 0.4]]","[15, 6, 5, 8, 19]",19.2
26,1788354625595133098,921600,95560,10,5,44.6,"[31.3, 34.3, 34.5, 39.8, 44.6]","['RAIL', 'INSIDE', 'RAIL', 'INSIDE', 'INSIDE']","[[0.58, 0.38, 0.21], [1.13, 2.02, 2.38], [1.58, 0.37, 0.69], [1.1, 0.09, 0.45], [0.24, 0.18, 0.4]]","[6, 5, 7, 8, 19]",18.5
27,1788354625699054533,921600,95622,10,5,44.6,"[27.8, 31.2, 34.6, 34.6, 44.6]","['INSIDE', 'RAIL', 'INSIDE', 'RAIL', 'INSIDE']","[[1.25, 1.7, 0.53], [0.62, 0.33, 0.21], [1.19, 2.14, 2.39], [0.99, 0.32, 0.62], [0.26, 0.22, 0.4]]","[15, 6, 5, 7, 19]",13.4
28,1788354625796947029,921600,95518,9,6,44.6,"[0.5, 31.3, 34.3, 34.5, 43.4, 44.6]","['RAIL', 'RAIL', 'INSIDE', 'RAIL', 'INSIDE', 'INSIDE']","[[0.09, 0.17, 0.13], [0.57, 0.38, 0.26], [1.14, 2.01, 2.38], [1.58, 0.4, 0.62], [0.93, 0.9, 0.04], [0.22, 0.17, 0.3]]","[1, 6, 5, 7, 13, 19]",17.8
29,1788354625896938022,921600,95657,8,4,44.6,"[31.3, 34.6, 34.6, 44.6]","['RAIL', 'INSIDE', 'RAIL', 'INSIDE']","[[0.56, 0.38, 0.21], [1.17, 2.14, 2.39], [0.96, 0.33, 0.62], [0.27, 0.24, 0.4]]","[6, 5, 7, 19]",13.3
30,1788354625996831513,921600,95561,14,7,44.6,"[0.5, 25.2, 31.3, 34.3, 34.5, 43.4, 44.6]","['RAIL', 'OUTSIDE', 'RAIL', 'INSIDE', 'RAIL', 'INSIDE', 'INSIDE']","[[0.08, 0.17, 0.12], [0.43, 0.42, 0.65], [0.6, 0.33, 0.21], [1.14, 2.01, 2.39], [1.6, 0.4, 0.62], [0.94, 0.9, 0.04], [0.2, 0.22, 0.29]]","[1, 15, 6, 5, 7, 13, 19]",13.4
31,1788354626093138170,921600,95590,9,6,44.6,"[0.5, 31.2, 34.4, 40.2, 42.8, 44.6]","['RAIL', 'RAIL', 'RAIL', 'INSIDE', 'INSIDE', 'INSIDE']","[[0.08, 0.19, 0.12], [0.66, 0.38, 0.21], [1.38, 0.38, 0.62], [0.27, 0.12, 0.53], [1.39, 0.88, 0.06], [0.25, 0.17, 0.4]]","[1, 6, 7, 8, 13, 19]",17.3
32,1788354626196003597,921600,95695,10,7,44.6,"[0.5, 31.3, 33.0, 34.3, 34.5, 39.8, 44.6]","['RAIL', 'RAIL', 'OUTSIDE', 'INSIDE', 'RAIL', 'INSIDE', 'INSIDE']","[[0.07, 0.16, 0.13], [0.57, 0.33, 0.21], [0.87, 1.69, 0.63], [1.14, 2.01, 2.38], [1.59, 0.38, 0.69], [1.11, 0.08, 0.45], [0.22, 0.17, 0.4]]","[1, 6, 2, 5, 7, 8, 19]",21.9
33,1788354626296154050,921600,95614,9,6,44.6,"[31.2, 34.3, 34.5, 40.2, 42.6, 44.6]","['RAIL', 'INSIDE', 'RAIL', 'INSIDE', 'INSIDE', 'INSIDE']","[[0.75, 0.33, 0.21], [0.97, 1.53, 2.37], [1.55, 0.4, 0.62], [0.36, 0.11, 0.53], [1.22, 0.87, 0.05], [0.28, 0.2, 0.4]]","[6, 5, 7, 8, 13, 19]",12.7
34,1788354626393924846,921600,95595,10,6,44.6,"[31.3, 33.0, 34.5, 34.6, 38.1, 44.6]","['RAIL', 'OUTSIDE', 'RAIL', 'INSIDE', 'INSIDE', 'INSIDE']","[[0.58, 0.33, 0.21], [1.03, 1.69, 0.61], [1.28, 0.26, 0.61], [1.22, 2.14, 2.39], [1.05, 0.64, 0.05], [0.26, 0.17, 0.4]]","[6, 2, 7, 5, 8, 19]",19.8
35,1788354626501597902,921600,95693,11,6,44.6,"[33.3, 34.3, 34.4, 40.1, 42.5, 44.6]","['INSIDE', 'INSIDE', 'RAIL', 'INSIDE', 'INSIDE', 'INSIDE']","[[1.75, 2.61, 0.65], [0.88, 1.41, 2.36], [1.53, 0.4, 0.62], [0.48, 0.1, 0.6], [1.14, 0.87, 0.05], [0.29, 0.17, 0.41]]","[2, 5, 7, 8, 13, 19]",14.9
36,1788354626598062969,921600,95606,10,8,46.9,"[0.5, 31.2, 34.4, 34.7, 40.2, 42.8, 44.6, 46.9]","['RAIL', 'RAIL', 'INSIDE', 'RAIL', 'INSIDE', 'INSIDE', 'INSIDE', 'INSIDE']","[[0.07, 0.16, 0.1], [0.7, 0.32, 0.21], [1.35, 2.27, 2.4], [1.36, 0.36, 0.62], [0.28, 0.12, 0.53], [1.37, 0.88, 0.06], [0.25, 0.24, 0.4], [1.01, 0.65, 1.75]]","[1, 6, 5, 7, 8, 13, 19, 23]",14.6
37,1788354626705148268,921600,95559,11,9,47.0,"[0.5, 31.0, 33.3, 34.3, 34.4, 40.0, 42.5, 44.6, 47.0]","['RAIL', 'RAIL', 'INSIDE', 'INSIDE', 'RAIL', 'INSIDE', 'INSIDE', 'INSIDE', 'INSIDE']","[[0.08, 0.18, 0.12], [0.97, 0.32, 0.21], [1.06, 1.86, 0.64], [0.88, 1.41, 2.36], [1.56, 0.42, 0.62], [0.54, 0.25, 0.6], [1.09, 0.87, 0.05], [0.29, 0.2, 0.41], [1.27, 0.66, 1.89]]","[1, 6, 2, 5, 7, 8, 13, 19, 23]",13.7
38,1788354626799879030,921600,95679,10,8,46.9,"[0.5, 31.2, 34.4, 34.6, 40.3, 42.8, 44.6, 46.9]","['RAIL', 'RAIL', 'INSIDE', 'RAIL', 'INSIDE', 'INSIDE', 'INSIDE', 'INSIDE']","[[0.08, 0.17, 0.12], [0.64, 0.38, 0.21], [1.18, 1.65, 2.39], [1.38, 0.36, 0.62], [0.25, 0.12, 0.52], [1.4, 0.88, 0.06], [0.27, 0.17, 0.41], [0.96, 0.59, 1.75]]","[1, 6, 5, 7, 8, 13, 19, 23]",21.0
39,1788354626911171857,921600,95733,14,11,49.5,"[0.5, 31.1, 33.4, 34.3, 34.4, 39.4, 42.5, 44.6, 45.7, 47.0, 49.5]","['RAIL', 'RAIL', 'INSIDE', 'INSIDE', 'RAIL', 'INSIDE', 'INSIDE', 'INSIDE', 'INSIDE', 'INSIDE', 'INSIDE']","[[0.07, 0.17, 0.1], [0.84, 0.38, 0.21], [1.27, 1.86, 0.65], [0.87, 1.41, 2.36], [1.57, 0.41, 0.62], [1.79, 0.1, 0.6], [1.1, 0.87, 0.05], [0.28, 0.2, 0.4], [0.98, 0.98, 0.04], [1.26, 0.65, 1.89], [0.88, 1.02, 0.68]]","[1, 6, 2, 5, 7, 8, 13, 19, 21, 23, 25]",12.4
40,1788354627001804449,921600,95631,13,8,49.5,"[27.7, 31.2, 34.3, 40.2, 42.7, 44.6, 46.9, 49.5]","['INSIDE', 'RAIL', 'RAIL', 'INSIDE', 'INSIDE', 'INSIDE', 'INSIDE', 'INSIDE']","[[1.21, 1.7, 0.52], [0.66, 0.37, 0.21], [1.56, 0.4, 0.62], [0.26, 0.12, 0.52], [1.37, 0.87, 0.06], [0.27, 0.2, 0.41], [1.04, 0.65, 1.88], [0.51, 0.86, 0.67]]","[6, 7, 5, 8, 13, 19, 23, 25]",12.5
41,1788354627093602677,921600,95688,11,10,49.4,"[0.5, 30.7, 34.3, 34.4, 40.1, 42.5, 44.6, 45.8, 46.9, 49.4]","['RAIL', 'RAIL', 'INSIDE', 'RAIL', 'INSIDE', 'INSIDE', 'INSIDE', 'INSIDE', 'INSIDE', 'INSIDE']","[[0.05, 0.16, 0.12], [1.69, 0.48, 0.21], [0.85, 1.41, 2.36], [1.57, 0.42, 0.62], [0.48, 0.1, 0.6], [1.13, 0.87, 0.05], [0.26, 0.2, 0.4], [1.02, 0.98, 0.04], [1.06, 0.65, 1.67], [1.08, 1.1, 0.68]]","[1, 7, 2, 5, 8, 13, 19, 21, 23, 25]",13.7
42,1788354627192226664,921600,95601,9,8,49.6,"[31.2, 34.4, 34.7, 42.8, 44.6, 45.9, 46.9, 49.6]","['RAIL', 'RAIL', 'INSIDE', 'INSIDE', 'INSIDE', 'INSIDE', 'INSIDE', 'INSIDE']","[[0.62, 0.32, 0.21], [1.39, 0.35, 0.62], [1.47, 2.27, 2.4], [1.4, 0.88, 0.06], [0.26, 0.2, 0.4], [0.69, 0.82, 0.03], [0.92, 0.65, 1.66], [0.62, 0.77, 0.67]]","[7, 5, 2, 13, 19, 21, 23, 25]",14.3
43,1788354627295473141,921600,95676,13,9,47.0,"[31.1, 33.4, 34.4, 39.8, 42.1, 42.5, 44.6, 45.7, 47.0]","['RAIL', 'INSIDE', 'INSIDE', 'INSIDE', 'RAIL', 'INSIDE', 'INSIDE', 'INSIDE', 'INSIDE']","[[0.89, 0.37, 0.21], [1.08, 1.86, 0.64], [0.88, 1.42, 2.36], [1.02, 0.1, 0.6], [0.26, 0.1, 0.25], [1.07, 0.87, 0.05], [0.28, 0.2, 0.41], [0.96, 0.98, 0.04], [1.22, 0.65, 1.89]]","[7, 2, 5, 8, 13, 19, 23, 21, 25]",13.1
44,1788354627396976830,921600,95591,8,5,47.0,"[0.5, 31.2, 34.6, 44.6, 47.0]","['RAIL', 'RAIL', 'INSIDE', 'INSIDE', 'INSIDE']","[[0.06, 0.16, 0.12], [0.62, 0.33, 0.21], [1.16, 2.13, 2.39], [0.24, 0.22, 0.4], [0.92, 0.65, 1.88]]","[1, 7, 5, 23, 25]",15.9
45,1788354627495136583,921600,95746,11,9,47.0,"[0.5, 31.1, 33.1, 34.4, 40.1, 42.5, 44.6, 45.7, 47.0]","['RAIL', 'RAIL', 'INSIDE', 'INSIDE', 'INSIDE', 'INSIDE', 'INSIDE', 'INSIDE', 'INSIDE']","[[0.09, 0.16, 0.13], [0.84, 0.32, 0.21], [1.51, 2.61, 0.64], [0.87, 1.41, 2.36], [0.5, 0.11, 0.6], [1.09, 0.87, 0.05], [0.29, 0.2, 0.41], [0.96, 0.98, 0.04], [1.28, 0.65, 1.89]]","[1, 7, 2, 5, 8, 19, 23, 21, 25]",14.3
46,1788354627593591679,921600,95680,8,5,46.9,"[31.2, 34.7, 42.8, 44.6, 46.9]","['RAIL', 'INSIDE', 'INSIDE', 'INSIDE', 'INSIDE']","[[0.63, 0.33, 0.21], [1.45, 2.26, 2.4], [1.38, 0.88, 0.06], [0.26, 0.22, 0.4], [0.95, 0.65, 1.66]]","[7, 5, 19, 23, 25]",17.2
47,1788354627692169296,921600,95693,12,8,46.9,"[0.5, 33.5, 34.4, 40.1, 42.5, 44.6, 45.7, 46.9]","['RAIL', 'INSIDE', 'INSIDE', 'INSIDE', 'INSIDE', 'INSIDE', 'INSIDE', 'INSIDE']","[[0.08, 0.17, 0.11], [1.36, 1.97, 0.65], [0.87, 1.41, 2.36], [0.46, 0.1, 0.6], [1.11, 0.87, 0.05], [0.27, 0.17, 0.41], [1.02, 0.98, 0.04], [1.09, 0.65, 1.76]]","[1, 2, 5, 8, 19, 23, 21, 25]",12.9
48,1788354627792731455,921600,95464,10,7,46.9,"[27.7, 31.2, 34.7, 40.3, 42.7, 44.6, 46.9]","['NEAR', 'RAIL', 'INSIDE', 'INSIDE', 'INSIDE', 'INSIDE', 'INSIDE']","[[1.11, 1.49, 0.51], [0.65, 0.33, 0.21], [1.38, 2.26, 2.4], [0.27, 0.12, 0.52], [1.38, 0.88, 0.06], [0.28, 0.22, 0.41], [0.99, 0.65, 1.75]]","[6, 7, 5, 8, 19, 23, 25]",20.7
49,1788354627893372133,921600,95655,14,8,45.6,"[0.5, 31.1, 33.4, 34.4, 39.8, 42.5, 44.6, 45.6]","['RAIL', 'RAIL', 'INSIDE', 'INSIDE', 'INSIDE', 'INSIDE', 'INSIDE', 'INSIDE']","[[0.09, 0.16, 0.12], [0.94, 0.33, 0.21], [1.12, 1.86, 0.64], [0.91, 1.67, 2.35], [1.04, 0.1, 0.6], [1.04, 0.87, 0.04], [0.29, 0.2, 0.41], [0.89, 0.98, 0.04]]","[1, 7, 2, 5, 8, 19, 23, 21]",21.6
50,1788354627994041865,921600,95595,8,5,47.0,"[31.2, 40.2, 42.8, 44.6, 47.0]","['RAIL', 'INSIDE', 'INSIDE', 'INSIDE', 'INSIDE']","[[0.68, 0.32, 0.21], [0.25, 0.12, 0.53], [1.38, 0.88, 0.06], [0.29, 0.2, 0.41], [1.08, 0.65, 1.67]]","[7, 8, 19, 23, 25]",14.7
51,1788354628094830536,921600,95652,12,9,90.8,"[0.5, 31.1, 33.4, 34.4, 40.0, 42.5, 44.6, 45.6, 90.8]","['RAIL', 'RAIL', 'INSIDE', 'INSIDE', 'INSIDE', 'INSIDE', 'INSIDE', 'INSIDE', 'RAIL']","[[0.09, 0.16, 0.13], [0.92, 0.38, 0.21], [1.09, 1.86, 0.64], [0.88, 1.41, 2.36], [0.59, 0.24, 0.6], [1.07, 0.87, 0.05], [0.26, 0.17, 0.4], [0.92, 0.98, 0.04], [1.05, 0.93, 0.26]]","[1, 7, 2, 5, 8, 19, 23, 21, 20]",21.4
52,1788354628192914799,921600,95681,8,6,46.9,"[31.2, 34.7, 40.3, 42.8, 44.6, 46.9]","['RAIL', 'INSIDE', 'INSIDE', 'INSIDE', 'INSIDE', 'INSIDE']","[[0.63, 0.33, 0.21], [1.43, 2.26, 2.4], [0.25, 0.12, 0.52], [1.38, 0.88, 0.06], [0.28, 0.17, 0.41], [1.04, 0.65, 1.88]]","[7, 5, 8, 19, 23, 25]",15.7
53,1788354628297324366,921600,95622,12,8,90.8,"[31.1, 33.4, 34.4, 40.0, 42.5, 44.6, 45.6, 90.8]","['RAIL', 'INSIDE', 'INSIDE', 'INSIDE', 'INSIDE', 'INSIDE', 'INSIDE', 'RAIL']","[[0.92, 0.31, 0.21], [1.12, 1.86, 0.64], [0.9, 1.41, 2.36], [0.55, 0.1, 0.6], [1.07, 0.87, 0.05], [0.28, 0.2, 0.41], [0.91, 0.98, 0.04], [1.0, 0.93, 0.26]]","[7, 2, 5, 8, 19, 23, 21, 20]",18.5
54,1788354628398010925,921600,95633,13,8,89.1,"[0.5, 29.9, 34.3, 40.2, 42.7, 44.6, 46.9, 89.1]","['RAIL', 'INSIDE', 'RAIL', 'INSIDE', 'INSIDE', 'INSIDE', 'INSIDE', 'INSIDE']","[[0.1, 0.17, 0.13], [2.39, 2.91, 0.2], [1.55, 0.44, 0.62], [0.22, 0.12, 0.52], [1.3, 0.87, 0.06], [0.25, 0.22, 0.4], [0.96, 0.65, 1.67], [0.42, 0.78, 0.37]]","[1, 7, 5, 8, 19, 23, 25, 20]",12.5
55,1788354628491463800,921600,95607,11,8,90.7,"[0.5, 33.3, 34.4, 39.8, 44.6, 45.6, 75.0, 90.7]","['RAIL', 'INSIDE', 'INSIDE', 'INSIDE', 'INSIDE', 'INSIDE', 'INSIDE', 'RAIL']","[[0.06, 0.17, 0.12], [1.09, 1.86, 0.63], [0.88, 1.67, 2.35], [1.04, 0.24, 0.6], [0.28, 0.17, 0.41], [0.85, 0.98, 0.04], [4.2, 2.36, 1.35], [0.91, 0.93, 0.26]]","[1, 2, 5, 8, 23, 21, 24, 20]",14.7
56,1788354628593664598,921600,95586,11,7,46.9,"[0.5, 34.3, 34.7, 40.2, 42.8, 44.6, 46.9]","['RAIL', 'INSIDE', 'RAIL', 'INSIDE', 'INSIDE', 'INSIDE', 'INSIDE']","[[0.07, 0.17, 0.1], [1.4, 2.26, 2.4], [1.57, 0.44, 0.62], [0.24, 0.12, 0.52], [1.39, 0.88, 0.06], [0.25, 0.24, 0.4], [0.93, 0.66, 1.65]]","[1, 5, 2, 8, 19, 23, 25]",14.7
57,1788354628700558430,921600,95715,13,12,90.7,"[0.4, 30.4, 33.3, 34.3, 34.4, 40.0, 42.1, 44.6, 45.5, 49.1, 75.0, 90.7]","['RAIL', 'RAIL', 'INSIDE', 'INSIDE', 'RAIL', 'INSIDE', 'RAIL', 'INSIDE', 'INSIDE', 'INSIDE', 'INSIDE', 'RAIL']","[[0.12, 0.17, 0.13], [2.22, 0.54, 1.06], [1.01, 1.86, 0.63], [0.91, 1.67, 2.35], [1.54, 0.4, 0.62], [0.64, 0.24, 0.6], [0.27, 0.1, 0.25], [0.24, 0.2, 0.41], [0.8, 0.97, 0.04], [1.5, 1.1, 0.68], [4.27, 2.61, 1.35], [0.88, 0.93, 0.26]]","[1, 29, 5, 2, 7, 8, 19, 23, 21, 30, 24, 20]",23.4
58,1788354628799061996,921600,95692,11,10,49.6,"[0.5, 27.8, 31.2, 34.4, 34.6, 36.2, 42.8, 44.6, 46.9, 49.6]","['RAIL', 'INSIDE', 'RAIL', 'INSIDE', 'RAIL', 'INSIDE', 'INSIDE', 'INSIDE', 'INSIDE', 'INSIDE']","[[0.07, 0.17, 0.12], [1.23, 1.7, 0.52], [0.63, 0.32, 0.21], [1.18, 1.65, 2.39], [1.4, 0.37, 0.62], [4.1, 2.8, 0.25], [1.38, 0.88, 0.06], [0.27, 0.17, 0.4], [0.91, 0.65, 1.66], [0.63, 0.86, 0.67]]","[1, 29, 7, 2, 5, 8, 23, 21, 25, 30]",20.2
59,1788354628905030815,921600,95650,10,10,90.8,"[31.1, 33.4, 34.3, 34.4, 40.0, 42.5, 44.6, 45.6, 49.4, 90.8]","['RAIL', 'INSIDE', 'INSIDE', 'RAIL', 'INSIDE', 'INSIDE', 'INSIDE', 'INSIDE', 'INSIDE', 'RAIL']","[[0.91, 0.31, 0.21], [1.1, 1.86, 0.64], [0.88, 1.41, 2.36], [1.56, 0.42, 0.62], [0.57, 0.1, 0.6], [1.08, 0.87, 0.05], [0.27, 0.2, 0.41], [0.94, 0.98, 0.04], [0.87, 1.02, 0.67], [1.05, 0.93, 0.26]]","[7, 2, 8, 5, 23, 21, 25, 19, 30, 20]",15.3
60,1788354629002680323,921600,95497,10,8,49.6,"[0.5, 31.2, 34.4, 34.6, 34.8, 44.6, 46.9, 49.6]","['RAIL', 'RAIL', 'INSIDE', 'RAIL', 'INSIDE', 'INSIDE', 'INSIDE', 'INSIDE']","[[0.07, 0.17, 0.12], [0.6, 0.32, 0.21], [1.16, 1.65, 2.39], [1.4, 0.33, 0.62], [1.28, 0.49, 0.08], [0.27, 0.17, 0.41], [0.95, 0.65, 1.66], [0.66, 0.77, 0.67]]","[1, 7, 8, 5, 2, 25, 30, 19]",16.9
61,1788354629111054194,921600,95592,12,11,90.8,"[31.1, 33.3, 34.3, 34.4, 40.0, 42.5, 44.6, 45.6, 47.0, 79.1, 90.8]","['RAIL', 'INSIDE', 'INSIDE', 'RAIL', 'INSIDE', 'INSIDE', 'INSIDE', 'INSIDE', 'INSIDE', 'INSIDE', 'RAIL']","[[0.91, 0.32, 0.21], [1.11, 1.86, 0.64], [0.87, 1.41, 2.36], [1.55, 0.36, 0.62], [0.61, 0.24, 0.6], [1.06, 0.87, 0.04], [0.27, 0.2, 0.41], [0.9, 0.98, 0.04], [1.23, 0.65, 1.89], [1.78, 2.36, 0.84], [1.03, 0.93, 0.26]]","[7, 8, 2, 5, 23, 21, 25, 30, 19, 24, 20]",13.5
62,1788354629200948241,921600,95597,10,7,46.9,"[27.7, 31.2, 34.3, 40.3, 42.8, 44.6, 46.9]","['INSIDE', 'RAIL', 'RAIL', 'INSIDE', 'INSIDE', 'INSIDE', 'INSIDE']","[[1.1, 1.7, 0.51], [0.66, 0.37, 0.21], [1.57, 0.34, 0.62], [0.25, 0.12, 0.52], [1.4, 0.88, 0.06], [0.26, 0.17, 0.4], [0.95, 0.65, 1.75]]","[29, 7, 5, 23, 21, 25, 19]",21.9
63,1788354629300149307,921600,95608,10,9,90.8,"[31.1, 33.4, 34.3, 34.4, 40.0, 42.5, 44.6, 46.5, 90.8]","['RAIL', 'INSIDE', 'INSIDE', 'RAIL', 'INSIDE', 'INSIDE', 'INSIDE', 'OUTSIDE', 'RAIL']","[[0.91, 0.32, 0.21], [1.11, 1.86, 0.64], [0.89, 1.41, 2.36], [1.54, 0.42, 0.55], [0.56, 0.25, 0.6], [1.07, 0.87, 0.05], [0.26, 0.2, 0.4], [2.71, 2.38, 0.12], [1.03, 0.93, 0.26]]","[7, 8, 2, 5, 23, 21, 25, 30, 20]",21.3
64,1788354629398569181,921600,95665,7,6,46.9,"[0.5, 31.2, 34.3, 42.8, 44.6, 46.9]","['RAIL', 'RAIL', 'RAIL', 'INSIDE', 'INSIDE', 'INSIDE']","[[0.07, 0.16, 0.13], [0.64, 0.37, 0.21], [1.57, 0.44, 0.55], [1.38, 0.88, 0.06], [0.26, 0.24, 0.4], [0.97, 0.65, 1.75]]","[1, 7, 5, 21, 25, 19]",19.3
65,1788354629496818993,921600,95643,12,11,90.8,"[0.5, 31.1, 33.3, 34.3, 34.4, 39.8, 42.5, 44.6, 46.5, 47.0, 90.8]","['RAIL', 'RAIL', 'INSIDE', 'INSIDE', 'RAIL', 'INSIDE', 'INSIDE', 'INSIDE', 'OUTSIDE', 'INSIDE', 'RAIL']","[[0.09, 0.16, 0.12], [0.92, 0.33, 0.21], [1.1, 1.86, 0.64], [0.89, 1.41, 2.36], [1.54, 0.42, 0.62], [1.04, 0.24, 0.6], [1.08, 0.87, 0.05], [0.28, 0.2, 0.41], [2.71, 2.38, 0.12], [1.25, 0.65, 1.89], [1.03, 0.93, 0.26]]","[1, 7, 8, 2, 5, 23, 21, 25, 30, 19, 20]",14.0
66,1788354629592190996,921600,95532,7,6,46.9,"[31.2, 34.3, 40.2, 42.7, 44.6, 46.9]","['RAIL', 'RAIL', 'INSIDE', 'INSIDE', 'INSIDE', 'INSIDE']","[[0.7, 0.33, 0.21], [1.52, 0.42, 0.62], [0.27, 0.12, 0.52], [1.38, 0.88, 0.06], [0.27, 0.22, 0.4], [0.93, 0.65, 1.75]]","[7, 5, 23, 21, 25, 19]",13.4
67,1788354629696899340,921600,95609,10,9,47.0,"[31.1, 33.3, 34.3, 34.4, 40.1, 42.5, 44.6, 45.7, 47.0]","['RAIL', 'INSIDE', 'INSIDE', 'RAIL', 'INSIDE', 'INSIDE', 'INSIDE', 'INSIDE', 'INSIDE']","[[0.84, 0.32, 0.21], [1.79, 2.61, 0.65], [0.88, 1.4, 2.36], [1.57, 0.42, 0.62], [0.52, 0.1, 0.6], [1.12, 0.87, 0.05], [0.28, 0.2, 0.41], [1.02, 0.98, 0.04], [1.27, 0.65, 1.89]]","[7, 8, 2, 5, 23, 21, 25, 30, 19]",15.5
68,1788354629798360526,921600,95521,11,10,89.1,"[0.5, 27.7, 31.2, 34.4, 34.6, 36.2, 42.8, 44.6, 46.9, 89.1]","['RAIL', 'INSIDE', 'RAIL', 'INSIDE', 'RAIL', 'INSIDE', 'INSIDE', 'INSIDE', 'INSIDE', 'INSIDE']","[[0.07, 0.16, 0.11], [1.21, 1.7, 0.52], [0.65, 0.33, 0.21], [1.15, 1.65, 2.39], [1.41, 0.39, 0.62], [4.11, 2.8, 0.25], [1.4, 0.88, 0.06], [0.26, 0.24, 0.4], [0.93, 0.61, 1.75], [0.45, 0.62, 0.18]]","[1, 29, 7, 2, 5, 8, 21, 25, 19, 20]",15.3
69,1788354629899055745,921600,95643,13,10,79.2,"[30.7, 33.2, 34.3, 34.4, 40.1, 40.1, 42.6, 44.6, 45.8, 79.2]","['RAIL', 'INSIDE', 'INSIDE', 'RAIL', 'INSIDE', 'INSIDE', 'INSIDE', 'INSIDE', 'INSIDE', 'INSIDE']","[[1.69, 0.49, 0.21], [1.91, 2.71, 0.65], [0.87, 1.41, 2.36], [1.53, 0.4, 0.62], [0.49, 0.1, 0.6], [1.98, 1.74, 0.1], [1.16, 0.87, 0.05], [0.27, 0.2, 0.41], [0.97, 0.98, 0.04], [1.81, 2.97, 0.87]]","[7, 2, 8, 5, 23, 21, 25, 19, 30, 24]",14.5
70,1788354629994818410,921600,95690,9,6,44.6,"[0.5, 27.7, 31.2, 34.3, 42.7, 44.6]","['RAIL', 'NEAR', 'RAIL', 'RAIL', 'INSIDE', 'INSIDE']","[[0.08, 0.18, 0.12], [1.11, 1.49, 0.51], [0.7, 0.33, 0.21], [1.58, 0.4, 0.62], [1.36, 0.88, 0.06], [0.27, 0.24, 0.4]]","[1, 29, 7, 5, 25, 19]",18.7
71,1788354630095821178,921600,95701,11,9,45.8,"[0.5, 30.7, 33.5, 34.3, 34.4, 40.1, 42.5, 44.6, 45.8]","['RAIL', 'RAIL', 'INSIDE', 'INSIDE', 'RAIL', 'INSIDE', 'INSIDE', 'INSIDE', 'INSIDE']","[[0.07, 0.17, 0.12], [1.61, 0.44, 0.21], [1.39, 1.86, 0.65], [0.87, 1.41, 2.36], [1.55, 0.44, 0.62], [0.51, 0.1, 0.6], [1.16, 0.87, 0.05], [0.28, 0.2, 0.41], [0.98, 0.98, 0.04]]","[1, 7, 2, 8, 5, 23, 25, 19, 30]",15.7
72,1788354630194133820,921600,95531,8,5,44.6,"[0.5, 27.7, 31.2, 34.4, 44.6]","['RAIL', 'INSIDE', 'RAIL', 'RAIL', 'INSIDE']","[[0.06, 0.17, 0.12], [1.24, 1.7, 0.52], [0.65, 0.32, 0.21], [1.39, 0.36, 0.62], [0.26, 0.17, 0.4]]","[1, 29, 7, 5, 19]",16.4
73,1788354630296996392,921600,95675,9,6,93.6,"[31.1, 34.4, 40.1, 42.6, 44.6, 93.6]","['RAIL', 'RAIL', 'INSIDE', 'INSIDE', 'INSIDE', 'INSIDE']","[[0.82, 0.32, 0.21], [1.37, 0.36, 0.62], [0.5, 0.1, 0.53], [1.26, 0.87, 0.05], [0.29, 0.2, 0.41], [1.91, 3.24, 0.19]]","[7, 5, 23, 25, 19, 20]",14.3
74,1788354630394940789,921600,95570,10,8,76.4,"[0.5, 31.3, 33.0, 34.4, 34.6, 44.6, 46.1, 76.4]","['RAIL', 'RAIL', 'OUTSIDE', 'RAIL', 'INSIDE', 'INSIDE', 'INSIDE', 'INSIDE']","[[0.07, 0.16, 0.12], [0.57, 0.39, 0.21], [1.07, 1.68, 0.61], [1.4, 0.36, 0.69], [1.16, 2.14, 2.38], [0.24, 0.22, 0.4], [0.74, 0.82, 0.03], [1.45, 0.8, 1.35]]","[1, 7, 2, 5, 8, 19, 30, 24]",13.6
75,1788354630493799379,921600,95751,9,8,46.9,"[0.5, 30.8, 34.3, 34.5, 40.1, 42.6, 44.6, 46.9]","['RAIL', 'RAIL', 'INSIDE', 'RAIL', 'INSIDE', 'INSIDE', 'INSIDE', 'INSIDE']","[[0.08, 0.16, 0.12], [1.59, 0.39, 0.21], [0.95, 1.53, 2.37], [1.55, 0.41, 0.62], [0.49, 0.11, 0.53], [1.23, 0.87, 0.05], [0.3, 0.17, 0.41], [1.02, 0.65, 1.76]]","[1, 7, 8, 5, 23, 25, 19, 36]",19.1
76,1788354630591626858,921600,95667,13,11,93.7,"[0.5, 31.3, 33.0, 34.4, 34.6, 38.0, 44.6, 46.1, 47.0, 76.5, 93.7]","['RAIL', 'RAIL', 'OUTSIDE', 'RAIL', 'INSIDE', 'INSIDE', 'INSIDE', 'INSIDE', 'INSIDE', 'INSIDE', 'INSIDE']","[[0.08, 0.16, 0.12], [0.57, 0.33, 0.21], [1.04, 1.69, 0.61], [1.39, 0.36, 0.69], [1.2, 2.14, 2.39], [1.08, 0.64, 0.06], [0.24, 0.2, 0.4], [0.76, 0.82, 0.03], [0.99, 0.62, 1.65], [1.38, 0.8, 1.35], [2.01, 3.72, 0.2]]","[1, 7, 2, 5, 8, 23, 19, 30, 36, 24, 20]",23.0
77,1788354630696326248,921600,95696,10,8,46.9,"[31.0, 34.3, 34.4, 40.1, 42.6, 44.6, 45.9, 46.9]","['RAIL', 'INSIDE', 'RAIL', 'INSIDE', 'INSIDE', 'INSIDE', 'INSIDE', 'INSIDE']","[[1.01, 0.38, 0.21], [0.92, 1.41, 2.37], [1.58, 0.4, 0.62], [0.42, 0.11, 0.53], [1.19, 0.87, 0.05], [0.26, 0.17, 0.41], [1.0, 0.98, 0.04], [1.04, 0.66, 1.67]]","[7, 8, 5, 23, 25, 19, 30, 36]",24.5
78,1788354630797650350,921600,95565,10,8,74.5,"[27.8, 31.2, 34.4, 34.7, 42.8, 44.6, 46.9, 74.5]","['INSIDE', 'RAIL', 'RAIL', 'INSIDE', 'INSIDE', 'INSIDE', 'INSIDE', 'OUTSIDE']","[[1.23, 1.7, 0.52], [0.59, 0.36, 0.21], [1.37, 0.39, 0.62], [1.47, 2.26, 2.4], [1.41, 0.88, 0.06], [0.26, 0.24, 0.4], [0.98, 0.59, 1.66], [4.0, 2.43, 0.16]]","[29, 7, 5, 8, 25, 19, 36, 24]",22.5
79,1788354630897725111,921600,95654,9,8,46.9,"[0.5, 30.7, 34.3, 34.4, 40.1, 42.6, 44.6, 46.9]","['RAIL', 'RAIL', 'INSIDE', 'RAIL', 'INSIDE', 'INSIDE', 'INSIDE', 'INSIDE']","[[0.09, 0.16, 0.13], [1.6, 0.38, 0.21], [0.9, 1.4, 2.37], [1.54, 0.42, 0.55], [0.46, 0.11, 0.53], [1.22, 0.87, 0.05], [0.28, 0.2, 0.41], [1.02, 0.65, 1.67]]","[1, 7, 8, 5, 23, 25, 19, 36]",18.0
80,1788354631000213390,921600,95568,9,7,46.9,"[0.5, 31.2, 34.4, 34.7, 42.8, 44.6, 46.9]","['RAIL', 'RAIL', 'INSIDE', 'RAIL', 'INSIDE', 'INSIDE', 'INSIDE']","[[0.07, 0.16, 0.12], [0.61, 0.32, 0.21], [1.42, 2.27, 2.4], [1.39, 0.35, 0.62], [1.39, 0.88, 0.06], [0.26, 0.24, 0.4], [1.0, 0.6, 1.88]]","[1, 7, 8, 5, 25, 19, 36]",17.0
81,1788354631115218199,921600,95664,9,8,46.9,"[0.5, 30.7, 34.3, 34.5, 40.1, 42.6, 44.6, 46.9]","['RAIL', 'RAIL', 'INSIDE', 'RAIL', 'INSIDE', 'INSIDE', 'INSIDE', 'INSIDE']","[[0.07, 0.16, 0.12], [1.66, 0.55, 0.21], [0.99, 1.53, 2.38], [1.56, 0.42, 0.62], [0.47, 0.11, 0.53], [1.25, 0.87, 0.05], [0.3, 0.2, 0.41], [1.05, 0.65, 1.88]]","[1, 7, 8, 5, 23, 25, 19, 36]",14.5
82,1788354631208720604,921600,95571,10,7,46.9,"[0.5, 31.3, 34.4, 34.7, 42.8, 44.6, 46.9]","['RAIL', 'RAIL', 'INSIDE', 'RAIL', 'INSIDE', 'INSIDE', 'INSIDE']","[[0.07, 0.17, 0.13], [0.56, 0.33, 0.21], [1.44, 2.25, 2.4], [1.37, 0.37, 0.62], [1.4, 0.88, 0.06], [0.24, 0.22, 0.4], [0.97, 0.61, 1.75]]","[1, 7, 8, 5, 25, 19, 36]",14.2
83,1788354631313328790,921600,95692,9,8,90.7,"[31.2, 34.3, 34.5, 42.6, 44.6, 46.9, 49.5, 90.7]","['RAIL', 'INSIDE', 'RAIL', 'INSIDE', 'INSIDE', 'INSIDE', 'INSIDE', 'RAIL']","[[0.8, 0.38, 0.21], [1.0, 1.53, 2.38], [1.56, 0.38, 0.62], [1.24, 0.87, 0.05], [0.26, 0.2, 0.4], [1.04, 0.65, 1.76], [0.78, 1.02, 0.67], [0.78, 0.3, 0.26]]","[7, 8, 5, 25, 19, 36, 37, 20]",19.2
84,1788354631413160101,921600,95545,8,7,49.6,"[31.2, 34.4, 34.7, 42.8, 44.6, 46.9, 49.6]","['RAIL', 'INSIDE', 'RAIL', 'INSIDE', 'INSIDE', 'INSIDE', 'INSIDE']","[[0.6, 0.33, 0.21], [1.41, 2.26, 2.4], [1.38, 0.37, 0.55], [1.42, 0.88, 0.06], [0.26, 0.2, 0.4], [1.02, 0.61, 1.88], [0.59, 0.86, 0.67]]","[7, 8, 5, 25, 19, 36, 37]",22.6
85,1788354631496154844,921600,95654,9,8,49.6,"[0.5, 31.1, 34.3, 34.5, 42.6, 44.6, 46.9, 49.6]","['RAIL', 'RAIL', 'INSIDE', 'RAIL', 'INSIDE', 'INSIDE', 'INSIDE', 'INSIDE']","[[0.07, 0.16, 0.13], [0.8, 0.32, 0.21], [0.97, 1.53, 2.37], [1.56, 0.4, 0.62], [1.26, 0.87, 0.05], [0.29, 0.2, 0.41], [1.01, 0.65, 1.76], [0.69, 0.86, 0.68]]","[1, 7, 8, 5, 25, 19, 36, 37]",13.7
86,1788354631589843246,921600,95513,9,8,49.6,"[0.5, 31.2, 34.3, 34.7, 42.8, 44.6, 46.9, 49.6]","['RAIL', 'RAIL', 'INSIDE', 'RAIL', 'INSIDE', 'INSIDE', 'INSIDE', 'INSIDE']","[[0.09, 0.17, 0.12], [0.63, 0.38, 0.21], [1.39, 2.26, 2.4], [1.54, 0.44, 0.62], [1.4, 0.88, 0.06], [0.26, 0.17, 0.4], [0.99, 0.66, 1.66], [0.58, 0.77, 0.67]]","[1, 7, 8, 5, 25, 19, 36, 37]",20.9
87,1788354631692162431,921600,95610,11,9,49.5,"[0.5, 31.2, 34.4, 34.5, 40.1, 42.6, 44.6, 47.0, 49.5]","['RAIL', 'RAIL', 'INSIDE', 'RAIL', 'INSIDE', 'INSIDE', 'INSIDE', 'INSIDE', 'INSIDE']","[[0.09, 0.17, 0.13], [0.83, 0.33, 0.21], [1.02, 1.52, 2.38], [1.41, 0.36, 0.55], [0.41, 0.11, 0.53], [1.26, 0.87, 0.05], [0.26, 0.2, 0.41], [0.99, 0.65, 1.88], [0.73, 1.02, 0.68]]","[1, 7, 8, 5, 23, 25, 19, 36, 37]",15.2
88,1788354631793435594,921600,95575,9,7,49.6,"[31.3, 34.4, 34.7, 42.8, 44.6, 46.9, 49.6]","['RAIL', 'RAIL', 'INSIDE', 'INSIDE', 'INSIDE', 'INSIDE', 'INSIDE']","[[0.62, 0.39, 0.21], [1.38, 0.38, 0.62], [1.45, 2.27, 2.4], [1.42, 0.88, 0.06], [0.26, 0.2, 0.4], [0.92, 0.59, 1.66], [0.62, 0.86, 0.67]]","[7, 5, 8, 25, 19, 36, 37]",13.5
89,1788354631894424675,921600,95682,10,8,49.4,"[30.7, 34.3, 34.5, 40.1, 42.6, 44.6, 47.0, 49.4]","['RAIL', 'INSIDE', 'RAIL', 'INSIDE', 'INSIDE', 'INSIDE', 'INSIDE', 'INSIDE']","[[1.58, 0.39, 0.21], [1.01, 1.53, 2.38], [1.58, 0.4, 0.62], [0.46, 0.11, 0.53], [1.26, 0.87, 0.05], [0.29, 0.24, 0.41], [1.07, 0.65, 1.67], [0.88, 1.02, 0.67]]","[7, 8, 5, 23, 25, 19, 36, 37]",14.2
90,1788354631996829041,921600,95567,11,8,49.6,"[0.5, 31.3, 34.4, 34.7, 42.8, 44.6, 46.9, 49.6]","['RAIL', 'RAIL', 'INSIDE', 'RAIL', 'INSIDE', 'INSIDE', 'INSIDE', 'INSIDE']","[[0.1, 0.18, 0.11], [0.61, 0.33, 0.21], [1.43, 2.27, 2.4], [1.41, 0.37, 0.62], [1.41, 0.88, 0.06], [0.26, 0.17, 0.4], [0.97, 0.62, 1.66], [0.65, 0.86, 0.67]]","[1, 7, 8, 5, 25, 19, 36, 37]",13.1
91,1788354632097485674,921600,95625,9,8,49.5,"[31.1, 34.3, 34.5, 40.1, 42.6, 44.6, 46.9, 49.5]","['RAIL', 'INSIDE', 'RAIL', 'INSIDE', 'INSIDE', 'INSIDE', 'INSIDE', 'INSIDE']","[[0.79, 0.33, 0.21], [1.0, 1.53, 2.38], [1.55, 0.44, 0.55], [0.39, 0.11, 0.53], [1.27, 0.87, 0.05], [0.28, 0.17, 0.41], [1.03, 0.65, 1.88], [0.88, 1.02, 0.68]]","[7, 8, 5, 23, 25, 19, 36, 37]",21.9
92,1788354632195572255,921600,95565,10,8,49.6,"[27.7, 31.3, 34.6, 34.8, 42.7, 44.6, 46.9, 49.6]","['NEAR', 'RAIL', 'INSIDE', 'INSIDE', 'INSIDE', 'INSIDE', 'INSIDE', 'INSIDE']","[[1.1, 1.49, 0.51], [0.62, 0.32, 0.21], [1.15, 1.65, 2.39], [1.26, 0.49, 0.08], [1.37, 0.88, 0.06], [0.26, 0.24, 0.4], [0.97, 0.61, 1.75], [0.57, 0.86, 0.67]]","[7, 5, 8, 23, 25, 19, 36, 37]",13.1
93,1788354632301212111,921600,95713,11,7,47.0,"[0.5, 31.2, 34.5, 40.1, 42.6, 44.6, 47.0]","['RAIL', 'RAIL', 'INSIDE', 'INSIDE', 'INSIDE', 'INSIDE', 'INSIDE']","[[0.08, 0.17, 0.12], [0.8, 0.32, 0.21], [1.01, 1.53, 2.38], [0.43, 0.11, 0.53], [1.27, 0.87, 0.05], [0.26, 0.17, 0.4], [1.08, 0.65, 1.67]]","[1, 5, 8, 25, 19, 36, 37]",12.1
94,1788354632396441589,921600,95593,10,5,47.0,"[0.5, 31.2, 42.8, 44.6, 47.0]","['RAIL', 'RAIL', 'INSIDE', 'INSIDE', 'INSIDE']","[[0.1, 0.16, 0.13], [0.61, 0.38, 0.21], [1.39, 0.88, 0.06], [0.26, 0.24, 0.4], [0.93, 0.65, 1.66]]","[1, 5, 19, 36, 37]",12.3
95,1788354632495301151,921600,95720,11,8,46.9,"[0.5, 27.7, 31.1, 34.5, 40.1, 42.6, 44.6, 46.9]","['RAIL', 'INSIDE', 'RAIL', 'INSIDE', 'INSIDE', 'INSIDE', 'INSIDE', 'INSIDE']","[[0.07, 0.17, 0.12], [1.07, 1.25, 0.75], [0.8, 0.32, 0.21], [1.0, 1.53, 2.38], [0.43, 0.11, 0.53], [1.26, 0.87, 0.05], [0.28, 0.17, 0.4], [1.02, 0.65, 1.76]]","[1, 7, 5, 8, 25, 19, 36, 37]",12.5
96,1788354632592468237,921600,95605,10,5,46.9,"[31.2, 34.7, 42.8, 44.6, 46.9]","['RAIL', 'INSIDE', 'INSIDE', 'INSIDE', 'INSIDE']","[[0.64, 0.32, 0.21], [1.38, 2.27, 2.4], [1.38, 0.88, 0.06], [0.27, 0.24, 0.4], [0.98, 0.65, 1.66]]","[5, 8, 19, 36, 37]",15.0
97,1788354632692980930,921600,95604,11,6,46.9,"[0.5, 31.2, 40.1, 42.7, 44.6, 46.9]","['RAIL', 'RAIL', 'INSIDE', 'INSIDE', 'INSIDE', 'INSIDE']","[[0.07, 0.16, 0.12], [0.75, 0.37, 0.21], [0.39, 0.11, 0.53], [1.3, 0.87, 0.06], [0.28, 0.17, 0.41], [1.05, 0.65, 1.76]]","[1, 5, 25, 19, 36, 37]",12.6
98,1788354632794511920,921600,95454,8,5,46.9,"[31.2, 34.7, 42.8, 44.6, 46.9]","['RAIL', 'INSIDE', 'INSIDE', 'INSIDE', 'INSIDE']","[[0.6, 0.32, 0.21], [1.38, 2.26, 2.4], [1.38, 0.88, 0.06], [0.26, 0.17, 0.4], [0.99, 0.65, 1.75]]","[5, 8, 19, 36, 37]",12.5
99,1788354632892327663,921600,95601,10,7,46.9,"[0.5, 31.1, 34.5, 40.1, 42.6, 44.6, 46.9]","['RAIL', 'RAIL', 'INSIDE', 'INSIDE', 'INSIDE', 'INSIDE', 'INSIDE']","[[0.09, 0.17, 0.13], [0.81, 0.33, 0.21], [1.01, 1.52, 2.38], [0.4, 0.11, 0.53], [1.27, 0.87, 0.05], [0.26, 0.17, 0.4], [1.04, 0.65, 1.88]]","[1, 5, 8, 25, 19, 36, 37]",12.1
100,1788354633005622029,921600,95612,9,6,82.8,"[0.5, 31.2, 42.8, 44.6, 46.9, 82.8]","['RAIL', 'RAIL', 'INSIDE', 'INSIDE', 'INSIDE', 'INSIDE']","[[0.09, 0.16, 0.12], [0.64, 0.38, 0.21], [1.38, 0.88, 0.06], [0.27, 0.24, 0.41], [0.97, 0.65, 1.66], [1.97, 3.85, 1.24]]","[1, 5, 19, 36, 37, 32]",18.9
101,1788354633105858961,921600,95689,13,7,46.9,"[0.5, 31.1, 34.5, 40.1, 42.6, 44.6, 46.9]","['RAIL', 'RAIL', 'INSIDE', 'INSIDE', 'INSIDE', 'INSIDE', 'INSIDE']","[[0.07, 0.16, 0.13], [0.81, 0.33, 0.21], [0.98, 1.53, 2.38], [0.41, 0.11, 0.53], [1.29, 0.87, 0.05], [0.29, 0.24, 0.41], [1.01, 0.65, 1.67]]","[1, 5, 8, 25, 19, 36, 37]",16.1
102,1788354633200899337,921600,95539,9,6,82.8,"[31.2, 40.3, 42.8, 44.6, 46.9, 82.8]","['RAIL', 'INSIDE', 'INSIDE', 'INSIDE', 'INSIDE', 'INSIDE']","[[0.62, 0.33, 0.21], [0.23, 0.12, 0.52], [1.38, 0.88, 0.06], [0.24, 0.2, 0.4], [0.98, 0.59, 1.75], [1.96, 3.85, 1.24]]","[5, 25, 19, 36, 37, 32]",13.2
103,1788354633317625775,921600,95624,11,8,89.1,"[0.5, 27.7, 31.2, 40.1, 42.7, 44.6, 47.0, 89.1]","['RAIL', 'INSIDE', 'RAIL', 'INSIDE', 'INSIDE', 'INSIDE', 'INSIDE', 'INSIDE']","[[0.08, 0.17, 0.12], [1.09, 1.24, 0.52], [0.77, 0.33, 0.21], [0.37, 0.11, 0.53], [1.28, 0.87, 0.05], [0.27, 0.2, 0.4], [1.01, 0.65, 1.88], [0.34, 0.78, 0.37]]","[1, 7, 5, 25, 19, 36, 37, 41]",15.8
104,1788354633404356991,921600,95573,11,7,44.6,"[0.5, 31.3, 34.5, 34.8, 40.3, 42.8, 44.6]","['RAIL', 'RAIL', 'INSIDE', 'INSIDE', 'INSIDE', 'INSIDE', 'INSIDE']","[[0.06, 0.16, 0.12], [0.56, 0.37, 0.21], [1.16, 1.65, 2.39], [1.28, 0.49, 0.08], [0.25, 0.12, 0.52], [1.39, 0.88, 0.06], [0.24, 0.22, 0.4]]","[1, 5, 8, 25, 19, 36, 37]",20.9
105,1788354633518699003,921600,95514,9,5,44.6,"[27.7, 31.2, 40.1, 42.6, 44.6]","['INSIDE', 'RAIL', 'INSIDE', 'INSIDE', 'INSIDE']","[[1.22, 1.69, 0.75], [0.79, 0.32, 0.21], [0.44, 0.11, 0.53], [1.28, 0.87, 0.05], [0.27, 0.17, 0.41]]","[7, 5, 19, 36, 37]",22.8
106,1788354633602082651,921600,95626,9,7,89.0,"[19.7, 31.2, 34.3, 34.7, 42.8, 44.6, 89.0]","['RAIL', 'RAIL', 'INSIDE', 'RAIL', 'INSIDE', 'INSIDE', 'INSIDE']","[[0.25, 0.26, 0.13], [0.63, 0.33, 0.21], [1.39, 2.27, 2.4], [1.56, 0.41, 0.55], [1.37, 0.88, 0.06], [0.24, 0.22, 0.4], [0.36, 0.62, 0.37]]","[40, 5, 8, 44, 36, 37, 41]",17.4
107,1788354633697101078,921600,95539,11,9,46.9,"[0.5, 31.1, 34.3, 34.5, 36.1, 40.1, 42.6, 44.6, 46.9]","['RAIL', 'RAIL', 'INSIDE', 'RAIL', 'INSIDE', 'INSIDE', 'INSIDE', 'INSIDE', 'INSIDE']","[[0.07, 0.16, 0.12], [0.8, 0.32, 0.21], [0.99, 1.53, 2.37], [1.52, 0.4, 0.62], [4.06, 2.79, 0.25], [0.45, 0.11, 0.53], [1.26, 0.87, 0.05], [0.25, 0.17, 0.4], [1.05, 0.65, 1.88]]","[1, 5, 8, 44, 25, 19, 36, 37, 45]",12.7
108,1788354633796711774,921600,95573,9,8,89.1,"[19.8, 31.2, 34.3, 42.8, 44.6, 46.9, 82.9, 89.1]","['RAIL', 'RAIL', 'RAIL', 'INSIDE', 'INSIDE', 'INSIDE', 'INSIDE', 'INSIDE']","[[0.5, 0.23, 0.13], [0.6, 0.32, 0.21], [1.57, 0.4, 0.62], [1.36, 0.88, 0.06], [0.25, 0.2, 0.4], [1.02, 0.65, 1.88], [2.22, 3.85, 1.24], [0.29, 0.62, 0.37]]","[40, 5, 44, 36, 37, 45, 32, 41]",12.3
109,1788354633893223388,921600,95598,9,7,46.9,"[0.5, 31.1, 34.4, 40.1, 42.6, 44.6, 46.9]","['RAIL', 'RAIL', 'RAIL', 'INSIDE', 'INSIDE', 'INSIDE', 'INSIDE']","[[0.07, 0.17, 0.12], [0.81, 0.33, 0.21], [1.38, 0.36, 0.55], [0.43, 0.11, 0.53], [1.26, 0.87, 0.05], [0.27, 0.17, 0.4], [1.01, 0.65, 1.88]]","[1, 5, 44, 19, 36, 37, 45]",13.2
110,1788354633993749966,921600,95541,10,9,89.0,"[0.4, 19.7, 31.2, 34.3, 42.7, 44.6, 46.9, 82.9, 89.0]","['RAIL', 'RAIL', 'RAIL', 'RAIL', 'INSIDE', 'INSIDE', 'INSIDE', 'INSIDE', 'INSIDE']","[[0.13, 0.17, 0.11], [0.28, 0.22, 0.13], [0.64, 0.32, 0.21], [1.56, 0.42, 0.62], [1.37, 0.88, 0.06], [0.26, 0.22, 0.4], [0.98, 0.59, 1.66], [1.96, 3.85, 1.24], [0.37, 0.62, 0.37]]","[1, 40, 5, 44, 36, 37, 45, 32, 41]",12.7
111,1788354634092681784,921600,95569,12,10,89.1,"[19.8, 27.8, 31.2, 34.4, 40.1, 42.7, 44.6, 46.9, 82.8, 89.1]","['RAIL', 'INSIDE', 'RAIL', 'RAIL', 'INSIDE', 'INSIDE', 'INSIDE', 'INSIDE', 'INSIDE', 'INSIDE']","[[0.47, 0.2, 0.13], [1.06, 1.25, 0.32], [0.76, 0.31, 0.21], [1.39, 0.39, 0.62], [0.4, 0.11, 0.53], [1.29, 0.87, 0.05], [0.27, 0.2, 0.41], [1.0, 0.66, 1.67], [1.92, 2.82, 1.07], [0.43, 0.78, 0.37]]","[40, 7, 5, 44, 19, 36, 37, 45, 32, 41]",12.6
112,1788354634193330157,921600,95588,10,9,89.1,"[19.7, 27.7, 31.2, 34.3, 34.5, 42.8, 44.6, 46.9, 89.1]","['RAIL', 'NEAR', 'RAIL', 'INSIDE', 'RAIL', 'INSIDE', 'INSIDE', 'INSIDE', 'INSIDE']","[[0.25, 0.23, 0.13], [1.1, 1.49, 0.51], [0.67, 0.32, 0.21], [1.12, 2.14, 2.38], [1.56, 0.42, 0.62], [1.38, 0.88, 0.06], [0.24, 0.2, 0.4], [0.99, 0.65, 1.75], [0.38, 0.62, 0.18]]","[40, 7, 5, 8, 44, 36, 37, 45, 41]",12.6
113,1788354634294636954,921600,95644,11,9,89.1,"[19.8, 27.7, 31.1, 34.4, 40.1, 42.6, 44.6, 47.0, 89.1]","['RAIL', 'INSIDE', 'RAIL', 'RAIL', 'INSIDE', 'INSIDE', 'INSIDE', 'INSIDE', 'INSIDE']","[[0.49, 0.22, 0.13], [1.21, 1.69, 0.75], [0.81, 0.33, 0.21], [1.4, 0.36, 0.62], [0.4, 0.11, 0.53], [1.28, 0.87, 0.05], [0.26, 0.2, 0.41], [1.1, 0.66, 1.67], [0.35, 0.78, 0.18]]","[40, 7, 5, 44, 19, 36, 37, 45, 41]",15.2
114,1788354634396724683,921600,95657,8,7,89.1,"[19.7, 31.2, 34.3, 42.7, 44.6, 46.9, 89.1]","['RAIL', 'RAIL', 'RAIL', 'INSIDE', 'INSIDE', 'INSIDE', 'INSIDE']","[[0.27, 0.26, 0.13], [0.67, 0.32, 0.21], [1.55, 0.42, 0.62], [1.35, 0.88, 0.06], [0.26, 0.17, 0.4], [0.98, 0.65, 1.75], [0.3, 0.62, 0.37]]","[40, 5, 44, 36, 37, 45, 41]",13.0
115,1788354634495612551,921600,95711,10,8,82.8,"[19.8, 31.2, 34.4, 40.1, 42.6, 44.6, 46.9, 82.8]","['RAIL', 'RAIL', 'RAIL', 'INSIDE', 'INSIDE', 'INSIDE', 'INSIDE', 'INSIDE']","[[0.47, 0.23, 0.13], [0.75, 0.38, 0.21], [1.37, 0.38, 0.55], [0.4, 0.11, 0.53], [1.28, 0.87, 0.05], [0.3, 0.17, 0.41], [1.0, 0.65, 1.67], [1.97, 3.59, 1.09]]","[40, 5, 44, 19, 36, 37, 45, 32]",15.3
116,1788354634593919922,921600,95535,8,7,46.9,"[0.5, 27.7, 31.2, 34.3, 42.7, 44.6, 46.9]","['RAIL', 'NEAR', 'RAIL', 'RAIL', 'INSIDE', 'INSIDE', 'INSIDE']","[[0.07, 0.17, 0.12], [1.12, 1.49, 0.51], [0.67, 0.33, 0.21], [1.53, 0.41, 0.55], [1.39, 0.88, 0.06], [0.25, 0.24, 0.4], [0.99, 0.59, 1.75]]","[1, 7, 5, 44, 36, 37, 45]",12.6
117,1788354634692295342,921600,95656,11,9,89.1,"[19.7, 27.7, 31.2, 34.4, 42.7, 44.6, 46.9, 82.8, 89.1]","['RAIL', 'INSIDE', 'RAIL', 'RAIL', 'INSIDE', 'INSIDE', 'INSIDE', 'INSIDE', 'INSIDE']","[[0.38, 0.19, 0.13], [1.23, 1.69, 0.52], [0.75, 0.33, 0.21], [1.4, 0.36, 0.62], [1.34, 0.87, 0.06], [0.28, 0.24, 0.4], [1.03, 0.65, 1.88], [1.93, 2.67, 1.07], [0.38, 0.78, 0.37]]","[40, 7, 5, 44, 36, 37, 45, 32, 41]",12.8
118,1788354634793760356,921600,95552,9,8,49.6,"[0.5, 27.7, 31.2, 34.3, 42.7, 44.6, 46.9, 49.6]","['RAIL', 'INSIDE', 'RAIL', 'RAIL', 'INSIDE', 'INSIDE', 'INSIDE', 'INSIDE']","[[0.07, 0.17, 0.12], [1.12, 1.7, 0.51], [0.67, 0.32, 0.21], [1.56, 0.4, 0.62], [1.36, 0.88, 0.06], [0.26, 0.24, 0.4], [0.93, 0.66, 1.75], [0.53, 0.86, 0.67]]","[1, 7, 5, 44, 36, 37, 45, 48]",12.7
119,1788354634893199392,921600,95576,12,9,89.1,"[19.7, 31.2, 34.4, 40.1, 42.7, 44.6, 46.9, 49.5, 89.1]","['RAIL', 'RAIL', 'RAIL', 'INSIDE', 'INSIDE', 'INSIDE', 'INSIDE', 'INSIDE', 'INSIDE']","[[0.31, 0.22, 0.13], [0.74, 0.32, 0.21], [1.37, 0.39, 0.55], [0.36, 0.11, 0.53], [1.33, 0.87, 0.06], [0.3, 0.17, 0.41], [1.0, 0.65, 1.88], [0.68, 0.94, 0.67], [0.4, 0.78, 0.37]]","[40, 5, 44, 19, 36, 37, 45, 48, 41]",12.5
120,1788354634991978229,921600,95566,12,10,89.1,"[0.5, 27.7, 31.2, 34.3, 42.7, 44.6, 46.9, 49.6, 82.8, 89.1]","['RAIL', 'INSIDE', 'RAIL', 'RAIL', 'INSIDE', 'INSIDE', 'INSIDE', 'INSIDE', 'INSIDE', 'INSIDE']","[[0.07, 0.17, 0.13], [1.1, 1.7, 0.31], [0.66, 0.33, 0.21], [1.57, 0.4, 0.62], [1.32, 0.88, 0.06], [0.26, 0.24, 0.4], [0.94, 0.65, 1.67], [0.7, 0.94, 0.68], [2.0, 3.88, 1.24], [0.36, 0.78, 0.37]]","[1, 7, 5, 44, 36, 37, 45, 48, 32, 41]",12.5
121,1788354635095124717,921600,95608,9,9,89.1,"[0.5, 31.2, 34.4, 40.1, 42.7, 44.6, 47.0, 49.6, 89.1]","['RAIL', 'RAIL', 'RAIL', 'INSIDE', 'INSIDE', 'INSIDE', 'INSIDE', 'INSIDE', 'INSIDE']","[[0.06, 0.16, 0.1], [0.76, 0.32, 0.21], [1.38, 0.37, 0.62], [0.41, 0.11, 0.53], [1.3, 0.87, 0.06], [0.27, 0.2, 0.41], [1.06, 0.65, 1.76], [0.8, 1.02, 0.68], [0.48, 0.78, 0.37]]","[1, 5, 44, 19, 36, 37, 45, 48, 41]",12.4
122,1788354635194268456,921600,95621,9,9,89.0,"[19.7, 27.7, 31.2, 34.3, 42.7, 44.6, 46.9, 49.5, 89.0]","['RAIL', 'INSIDE', 'RAIL', 'RAIL', 'INSIDE', 'INSIDE', 'INSIDE', 'INSIDE', 'INSIDE']","[[0.27, 0.22, 0.13], [1.2, 1.7, 0.52], [0.66, 0.32, 0.21], [1.54, 0.4, 0.62], [1.38, 0.88, 0.06], [0.26, 0.12, 0.41], [0.98, 0.65, 1.75], [0.54, 0.86, 0.67], [0.28, 0.47, 0.37]]","[40, 7, 5, 44, 36, 37, 45, 48, 41]",12.4
123,1788354635302491542,921600,95693,8,8,49.6,"[0.5, 31.2, 34.4, 40.1, 42.7, 44.6, 47.0, 49.6]","['RAIL', 'RAIL', 'RAIL', 'INSIDE', 'INSIDE', 'INSIDE', 'INSIDE', 'INSIDE']","[[0.12, 0.16, 0.12], [0.81, 0.32, 0.21], [1.39, 0.36, 0.62], [0.42, 0.11, 0.53], [1.32, 0.87, 0.06], [0.26, 0.2, 0.4], [1.03, 0.65, 1.88], [0.81, 1.02, 0.68]]","[1, 5, 44, 19, 36, 37, 45, 48]",12.3
124,1788354635405205582,921600,95490,10,10,49.6,"[0.5, 19.8, 27.7, 31.2, 34.3, 40.3, 42.8, 44.6, 46.9, 49.6]","['RAIL', 'RAIL', 'NEAR', 'RAIL', 'RAIL', 'INSIDE', 'INSIDE', 'INSIDE', 'INSIDE', 'INSIDE']","[[0.09, 0.18, 0.12], [0.45, 0.2, 0.13], [1.11, 1.49, 0.51], [0.62, 0.33, 0.21], [1.55, 0.4, 0.62], [0.25, 0.12, 0.52], [1.39, 0.88, 0.06], [0.28, 0.17, 0.4], [1.0, 0.61, 1.65], [0.61, 0.77, 0.67]]","[1, 40, 7, 5, 44, 19, 36, 37, 45, 48]",18.4
125,1788354635517143684,921600,95609,8,8,89.1,"[31.2, 34.4, 40.2, 42.5, 44.6, 46.9, 49.5, 89.1]","['RAIL', 'RAIL', 'INSIDE', 'INSIDE', 'INSIDE', 'INSIDE', 'INSIDE', 'INSIDE']","[[0.72, 0.31, 0.21], [1.41, 0.3, 0.62], [0.34, 0.11, 0.53], [0.86, 0.58, 0.04], [0.27, 0.2, 0.4], [1.0, 0.66, 1.67], [0.72, 0.94, 0.67], [0.4, 0.78, 0.37]]","[5, 44, 19, 36, 37, 45, 48, 41]",12.9
126,1788354635606765321,921600,95577,11,10,82.8,"[19.7, 27.7, 31.2, 34.3, 40.3, 42.7, 44.6, 46.9, 49.6, 82.8]","['RAIL', 'INSIDE', 'RAIL', 'RAIL', 'INSIDE', 'INSIDE', 'INSIDE', 'INSIDE', 'INSIDE', 'INSIDE']","[[0.27, 0.19, 0.13], [1.21, 1.7, 0.52], [0.64, 0.32, 0.21], [1.58, 0.44, 0.62], [0.25, 0.12, 0.52], [1.36, 0.88, 0.06], [0.26, 0.2, 0.4], [0.97, 0.66, 1.75], [0.54, 0.86, 0.67], [1.92, 2.67, 1.07]]","[40, 7, 5, 44, 19, 36, 37, 45, 48, 32]",12.5
127,1788354635715054106,921600,95555,9,9,89.0,"[31.2, 34.4, 40.2, 42.7, 44.6, 47.0, 49.6, 82.8, 89.0]","['RAIL', 'RAIL', 'INSIDE', 'INSIDE', 'INSIDE', 'INSIDE', 'INSIDE', 'INSIDE', 'INSIDE']","[[0.72, 0.33, 0.21], [1.38, 0.36, 0.62], [0.27, 0.11, 0.53], [1.35, 0.87, 0.06], [0.26, 0.17, 0.4], [0.94, 0.65, 1.76], [0.67, 0.94, 0.67], [1.97, 3.88, 1.24], [0.25, 0.47, 0.37]]","[5, 44, 19, 36, 37, 45, 48, 32, 41]",13.1
128,1788354635805086583,921600,95588,8,7,49.6,"[0.5, 31.2, 34.5, 42.6, 44.6, 46.9, 49.6]","['RAIL', 'RAIL', 'INSIDE', 'INSIDE', 'INSIDE', 'INSIDE', 'INSIDE']","[[0.09, 0.17, 0.13], [0.66, 0.32, 0.21], [1.0, 1.52, 2.38], [1.26, 0.87, 0.05], [0.26, 0.2, 0.4], [1.03, 0.65, 1.75], [0.83, 1.02, 0.68]]","[1, 5, 44, 36, 37, 45, 48]",12.1
129,1788354635901216440,921600,95657,9,8,82.8,"[19.8, 31.1, 40.1, 42.6, 44.6, 46.9, 49.5, 82.8]","['RAIL', 'RAIL', 'INSIDE', 'INSIDE', 'INSIDE', 'INSIDE', 'INSIDE', 'INSIDE']","[[0.47, 0.18, 0.13], [0.77, 0.38, 0.21], [0.44, 0.1, 0.6], [1.29, 0.87, 0.05], [0.27, 0.2, 0.41], [1.01, 0.65, 1.76], [0.79, 1.02, 0.67], [1.92, 2.82, 1.07]]","[40, 5, 19, 36, 37, 45, 48, 32]",12.5
130,1788354635996726321,921600,95485,11,9,89.1,"[0.5, 31.2, 34.5, 42.6, 44.6, 45.9, 46.9, 83.0, 89.1]","['RAIL', 'RAIL', 'INSIDE', 'INSIDE', 'INSIDE', 'INSIDE', 'INSIDE', 'INSIDE', 'INSIDE']","[[0.07, 0.16, 0.12], [0.67, 0.33, 0.21], [0.98, 1.53, 2.38], [1.26, 0.87, 0.05], [0.28, 0.22, 0.41], [0.99, 0.99, 0.04], [1.04, 0.66, 1.67], [2.2, 3.85, 1.24], [0.41, 0.94, 0.37]]","[1, 5, 44, 36, 37, 45, 48, 32, 41]",16.1
131,1788354636099177826,921600,95541,9,7,93.5,"[30.7, 34.5, 40.1, 42.6, 44.6, 46.9, 93.5]","['RAIL', 'INSIDE', 'INSIDE', 'INSIDE', 'INSIDE', 'INSIDE', 'INSIDE']","[[1.58, 0.45, 0.21], [0.98, 1.53, 2.38], [0.45, 0.11, 0.53], [1.25, 0.87, 0.05], [0.28, 0.17, 0.41], [1.01, 0.65, 1.76], [1.99, 3.39, 0.19]]","[5, 44, 19, 36, 37, 48, 41]",16.1
132,1788354636196438963,921600,95501,10,8,93.6,"[0.5, 34.4, 40.1, 42.6, 44.6, 45.7, 46.9, 93.6]","['RAIL', 'INSIDE', 'INSIDE', 'INSIDE', 'INSIDE', 'INSIDE', 'INSIDE', 'INSIDE']","[[0.1, 0.16, 0.13], [0.87, 1.41, 2.37], [0.34, 0.11, 0.53], [1.15, 0.87, 0.05], [0.28, 0.2, 0.41], [0.98, 0.98, 0.04], [1.05, 0.65, 1.67], [2.22, 4.23, 0.2]]","[1, 44, 19, 36, 37, 45, 48, 41]",12.7
133,1788354636298638887,921600,95620,11,8,89.0,"[0.5, 30.7, 34.5, 40.1, 42.6, 44.6, 46.9, 89.0]","['RAIL', 'RAIL', 'INSIDE', 'INSIDE', 'INSIDE', 'INSIDE', 'INSIDE', 'INSIDE']","[[0.07, 0.16, 0.12], [1.6, 0.44, 0.21], [0.97, 1.52, 2.37], [0.51, 0.1, 0.6], [1.21, 0.87, 0.05], [0.26, 0.2, 0.4], [1.02, 0.65, 1.76], [0.32, 0.78, 0.37]]","[1, 5, 44, 19, 36, 37, 48, 41]",12.4
134,1788354636393576067,921600,95610,11,8,93.5,"[33.1, 34.3, 40.1, 40.1, 42.5, 44.6, 45.6, 93.5]","['INSIDE', 'RAIL', 'INSIDE', 'INSIDE', 'INSIDE', 'INSIDE', 'INSIDE', 'INSIDE']","[[1.62, 2.71, 0.64], [1.55, 0.4, 0.62], [0.36, 0.11, 0.6], [1.9, 1.73, 0.1], [1.11, 0.87, 0.05], [0.27, 0.17, 0.41], [0.89, 0.98, 0.04], [2.12, 3.04, 0.19]]","[44, 5, 19, 36, 37, 48, 45, 41]",12.3
135,1788354636493480963,921600,95568,10,7,93.6,"[31.1, 33.5, 40.0, 42.5, 44.6, 45.7, 93.6]","['RAIL', 'INSIDE', 'INSIDE', 'INSIDE', 'INSIDE', 'INSIDE', 'INSIDE']","[[0.88, 0.32, 0.21], [1.36, 1.86, 0.65], [0.55, 0.1, 0.6], [1.13, 0.87, 0.05], [0.31, 0.17, 0.41], [0.97, 0.98, 0.04], [2.03, 3.23, 0.19]]","[5, 44, 19, 37, 48, 45, 41]",12.4
136,1788354636602180431,921600,95637,12,8,90.7,"[0.5, 33.2, 36.0, 40.1, 42.5, 44.6, 46.5, 90.7]","['RAIL', 'INSIDE', 'INSIDE', 'INSIDE', 'INSIDE', 'INSIDE', 'OUTSIDE', 'RAIL']","[[0.09, 0.16, 0.12], [1.82, 2.71, 0.65], [2.94, 2.24, 0.18], [0.4, 0.11, 0.6], [1.12, 0.87, 0.05], [0.27, 0.12, 0.41], [2.68, 2.38, 0.12], [0.83, 0.78, 0.26]]","[1, 44, 36, 19, 37, 48, 45, 41]",12.9
137,1788354636705038075,921600,95584,11,6,45.7,"[0.5, 31.1, 33.5, 42.1, 42.5, 45.7]","['RAIL', 'RAIL', 'INSIDE', 'RAIL', 'INSIDE', 'INSIDE']","[[0.08, 0.15, 0.13], [0.9, 0.37, 0.21], [1.33, 1.86, 0.65], [0.27, 0.1, 0.25], [1.12, 0.87, 0.05], [1.0, 0.98, 0.04]]","[1, 5, 44, 37, 48, 45]",12.7
138,1788354636802502406,921600,95652,10,5,93.6,"[0.5, 31.1, 42.5, 45.7, 93.6]","['RAIL', 'RAIL', 'INSIDE', 'INSIDE', 'INSIDE']","[[0.08, 0.16, 0.11], [0.82, 0.38, 0.21], [1.14, 0.87, 0.05], [0.95, 0.98, 0.04], [1.9, 3.04, 0.19]]","[1, 5, 48, 45, 41]",12.6
139,1788354636900805497,921600,95611,10,5,45.8,"[0.5, 31.1, 39.4, 42.5, 45.8]","['RAIL', 'RAIL', 'INSIDE', 'INSIDE', 'INSIDE']","[[0.08, 0.16, 0.13], [0.87, 0.38, 0.21], [1.81, 0.1, 0.6], [1.14, 0.87, 0.05], [1.02, 0.98, 0.04]]","[1, 5, 19, 48, 45]",12.9
140,1788354637101902990,921600,95656,12,5,44.6,"[31.1, 33.2, 39.4, 40.1, 44.6]","['RAIL', 'INSIDE', 'INSIDE', 'INSIDE', 'INSIDE']","[[0.87, 0.32, 0.21], [1.92, 2.71, 0.65], [1.8, 0.1, 0.6], [1.97, 1.74, 0.1], [0.27, 0.2, 0.4]]","[5, 44, 19, 48, 45]",13.0
141,1788354637196482970,921600,95531,9,3,44.6,"[0.5, 40.1, 44.6]","['RAIL', 'INSIDE', 'INSIDE']","[[0.08, 0.17, 0.12], [0.39, 0.11, 0.6], [0.28, 0.2, 0.41]]","[1, 19, 45]",16.5
142,1788354637297634667,921600,95664,13,7,90.7,"[0.5, 31.1, 33.5, 34.4, 39.8, 44.6, 90.7]","['RAIL', 'RAIL', 'INSIDE', 'INSIDE', 'INSIDE', 'INSIDE', 'RAIL']","[[0.09, 0.18, 0.13], [0.9, 0.37, 0.21], [1.32, 1.86, 0.65], [0.89, 1.41, 2.36], [1.03, 0.25, 0.6], [0.27, 0.17, 0.4], [0.76, 0.62, 0.26]]","[1, 5, 44, 51, 19, 45, 41]",12.8
143,1788354637394372339,921600,95738,11,5,44.6,"[0.5, 33.4, 34.4, 40.1, 44.6]","['RAIL', 'INSIDE', 'INSIDE', 'INSIDE', 'INSIDE']","[[0.07, 0.17, 0.13], [1.09, 1.97, 0.64], [0.85, 1.41, 2.36], [0.44, 0.11, 0.6], [0.28, 0.2, 0.41]]","[1, 44, 51, 19, 45]",12.3
144,1788354637501966194,921600,95702,11,5,44.6,"[31.1, 33.2, 34.4, 40.0, 44.6]","['RAIL', 'INSIDE', 'INSIDE', 'INSIDE', 'INSIDE']","[[0.85, 0.32, 0.21], [1.94, 2.71, 0.66], [0.87, 1.41, 2.37], [0.55, 0.1, 0.6], [0.27, 0.17, 0.41]]","[5, 44, 51, 19, 45]",14.4
145,1788354637602803651,921600,95624,10,5,44.6,"[33.1, 34.4, 40.2, 42.5, 44.6]","['INSIDE', 'INSIDE', 'INSIDE', 'INSIDE', 'INSIDE']","[[1.61, 2.71, 0.64], [0.86, 1.42, 2.36], [0.32, 0.11, 0.6], [1.12, 0.87, 0.05], [0.26, 0.17, 0.4]]","[44, 51, 19, 52, 45]",13.4
146,1788354637717340992,921600,95835,12,7,44.6,"[0.5, 31.1, 33.3, 34.4, 40.0, 42.6, 44.6]","['RAIL', 'RAIL', 'INSIDE', 'INSIDE', 'INSIDE', 'INSIDE', 'INSIDE']","[[0.08, 0.16, 0.12], [0.86, 0.33, 0.21], [1.96, 2.71, 0.66], [0.88, 1.41, 2.37], [0.55, 0.1, 0.6], [1.2, 0.87, 0.05], [0.27, 0.2, 0.4]]","[1, 5, 44, 51, 19, 52, 45]",13.3
147,1788354637807651771,921600,95636,11,5,87.2,"[31.1, 34.4, 42.6, 44.6, 87.2]","['RAIL', 'INSIDE', 'INSIDE', 'INSIDE', 'RAIL']","[[0.81, 0.32, 0.21], [0.88, 1.4, 2.37], [1.16, 0.87, 0.05], [0.28, 0.24, 0.41], [0.28, 1.11, 0.74]]","[5, 51, 52, 45, 41]",20.8
148,1788354637915034756,921600,95556,13,9,45.8,"[0.5, 30.7, 33.3, 34.4, 40.1, 42.1, 42.6, 44.6, 45.8]","['RAIL', 'RAIL', 'INSIDE', 'INSIDE', 'INSIDE', 'RAIL', 'INSIDE', 'INSIDE', 'INSIDE']","[[0.08, 0.17, 0.12], [1.63, 0.44, 0.21], [1.83, 2.61, 0.66], [0.87, 1.4, 2.37], [0.54, 0.1, 0.6], [0.24, 0.1, 0.25], [1.18, 0.87, 0.05], [0.28, 0.17, 0.41], [1.04, 0.99, 0.05]]","[1, 5, 44, 51, 19, 48, 52, 45, 54]",12.8
149,1788354638003697063,921600,95688,10,7,45.6,"[33.1, 34.3, 34.4, 40.1, 42.5, 44.6, 45.6]","['INSIDE', 'INSIDE', 'RAIL', 'INSIDE', 'INSIDE', 'INSIDE', 'INSIDE']","[[1.62, 2.71, 0.64], [0.86, 1.41, 2.36], [1.6, 0.4, 0.62], [0.4, 0.11, 0.53], [1.1, 0.87, 0.05], [0.27, 0.2, 0.4], [0.9, 0.98, 0.04]]","[44, 51, 55, 19, 52, 45, 54]",12.7
150,1788354638093130492,921600,95956,16,9,45.8,"[0.5, 30.7, 33.3, 34.3, 34.4, 39.4, 42.6, 44.6, 45.8]","['RAIL', 'RAIL', 'INSIDE', 'INSIDE', 'RAIL', 'INSIDE', 'INSIDE', 'INSIDE', 'INSIDE']","[[0.09, 0.16, 0.12], [1.61, 0.43, 0.21], [1.83, 2.61, 0.66], [0.88, 1.41, 2.37], [1.55, 0.34, 0.62], [1.8, 0.1, 0.6], [1.18, 0.87, 0.05], [0.27, 0.17, 0.4], [1.01, 0.98, 0.04]]","[1, 5, 44, 51, 55, 19, 52, 45, 54]",15.9
151,1788354638196813644,921600,96742,11,7,45.7,"[0.5, 34.3, 34.4, 40.1, 42.5, 44.6, 45.7]","['RAIL', 'INSIDE', 'RAIL', 'INSIDE', 'INSIDE', 'INSIDE', 'INSIDE']","[[0.08, 0.17, 0.12], [0.88, 1.41, 2.36], [1.56, 0.41, 0.55], [0.36, 0.11, 0.6], [1.14, 0.87, 0.05], [0.27, 0.2, 0.41], [0.92, 0.98, 0.04]]","[1, 51, 55, 19, 52, 45, 54]",13.3
152,1788354638292303932,921600,96736,9,7,46.9,"[30.7, 34.3, 34.4, 40.1, 42.6, 44.6, 46.9]","['RAIL', 'INSIDE', 'RAIL', 'INSIDE', 'INSIDE', 'INSIDE', 'INSIDE']","[[1.69, 0.48, 0.21], [0.92, 1.41, 2.37], [1.57, 0.41, 0.62], [0.51, 0.1, 0.53], [1.2, 0.87, 0.05], [0.28, 0.2, 0.41], [1.03, 0.65, 1.67]]","[5, 51, 55, 19, 52, 45, 56]",13.9
153,1788354638395202688,921600,96968,14,9,89.0,"[0.5, 34.3, 34.4, 40.1, 42.5, 44.6, 45.7, 47.0, 89.0]","['RAIL', 'INSIDE', 'RAIL', 'INSIDE', 'INSIDE', 'INSIDE', 'INSIDE', 'INSIDE', 'INSIDE']","[[0.08, 0.17, 0.11], [0.88, 1.41, 2.36], [1.54, 0.41, 0.55], [0.34, 0.11, 0.53], [1.12, 0.87, 0.05], [0.26, 0.2, 0.41], [0.95, 0.98, 0.04], [1.26, 0.65, 1.89], [0.26, 0.78, 0.37]]","[1, 51, 55, 19, 52, 45, 54, 56, 41]",14.6
154,1788354638500315949,921600,96951,10,8,89.0,"[30.7, 34.3, 34.4, 40.1, 42.6, 44.6, 46.9, 89.0]","['RAIL', 'INSIDE', 'RAIL', 'INSIDE', 'INSIDE', 'INSIDE', 'INSIDE', 'INSIDE']","[[1.66, 0.43, 0.21], [0.94, 1.41, 2.37], [1.56, 0.41, 0.62], [0.49, 0.1, 0.6], [1.23, 0.87, 0.05], [0.28, 0.2, 0.41], [1.04, 0.65, 1.88], [0.36, 0.78, 0.37]]","[5, 51, 55, 19, 52, 45, 56, 41]",12.4
155,1788354638595212814,921600,96415,11,11,49.4,"[0.5, 31.1, 33.1, 34.3, 34.4, 40.1, 42.5, 44.6, 45.6, 46.9, 49.4]","['RAIL', 'RAIL', 'INSIDE', 'INSIDE', 'RAIL', 'INSIDE', 'INSIDE', 'INSIDE', 'INSIDE', 'INSIDE', 'INSIDE']","[[0.09, 0.16, 0.11], [0.86, 0.32, 0.21], [1.62, 2.71, 0.64], [0.87, 1.41, 2.36], [1.55, 0.4, 0.62], [0.4, 0.11, 0.6], [1.11, 0.87, 0.05], [0.26, 0.22, 0.41], [0.89, 0.98, 0.04], [1.02, 0.65, 1.67], [1.03, 1.1, 0.68]]","[1, 5, 44, 51, 55, 19, 52, 45, 54, 56, 58]",12.3
156,1788354638695472832,921600,96164,11,10,49.6,"[0.4, 31.1, 34.3, 34.4, 39.8, 42.6, 44.6, 45.8, 47.1, 49.6]","['RAIL', 'RAIL', 'INSIDE', 'RAIL', 'INSIDE', 'INSIDE', 'INSIDE', 'INSIDE', 'OUTSIDE', 'INSIDE']","[[0.1, 0.16, 0.13], [0.85, 0.33, 0.21], [0.89, 1.4, 2.37], [1.58, 0.42, 0.62], [1.05, 0.1, 0.6], [1.19, 0.87, 0.05], [0.27, 0.2, 0.41], [1.04, 0.99, 0.05], [1.36, 1.81, 1.89], [0.89, 1.02, 0.68]]","[1, 5, 51, 55, 19, 52, 45, 54, 56, 58]",15.2
157,1788354638795683703,921600,96386,10,10,49.4,"[0.5, 33.1, 34.3, 34.4, 40.1, 42.5, 44.6, 45.6, 46.9, 49.4]","['RAIL', 'INSIDE', 'INSIDE', 'RAIL', 'INSIDE', 'INSIDE', 'INSIDE', 'INSIDE', 'INSIDE', 'INSIDE']","[[0.07, 0.18, 0.13], [1.64, 2.71, 0.64], [0.87, 1.4, 2.36], [1.54, 0.41, 0.62], [0.35, 0.11, 0.6], [1.09, 0.87, 0.05], [0.27, 0.2, 0.41], [0.88, 0.98, 0.04], [1.04, 0.65, 1.67], [1.11, 1.1, 0.68]]","[1, 44, 51, 55, 19, 52, 45, 54, 56, 58]",12.5
158,1788354638897009445,921600,96287,11,10,49.3,"[0.5, 30.7, 34.3, 34.4, 40.1, 42.6, 44.6, 45.9, 46.9, 49.3]","['RAIL', 'RAIL', 'INSIDE', 'RAIL', 'INSIDE', 'INSIDE', 'INSIDE', 'INSIDE', 'INSIDE', 'INSIDE']","[[0.08, 0.16, 0.1], [1.67, 0.43, 0.21], [0.89, 1.41, 2.37], [1.55, 0.42, 0.55], [0.52, 0.1, 0.6], [1.19, 0.87, 0.05], [0.28, 0.24, 0.41], [1.02, 0.99, 0.04], [1.01, 0.65, 1.76], [0.88, 1.02, 0.67]]","[1, 5, 51, 55, 19, 52, 45, 54, 56, 58]",12.7
159,1788354638994563138,921600,95957,10,9,49.4,"[0.5, 33.1, 34.3, 34.4, 40.1, 42.5, 44.6, 46.9, 49.4]","['RAIL', 'INSIDE', 'INSIDE', 'RAIL', 'INSIDE', 'INSIDE', 'INSIDE', 'INSIDE', 'INSIDE']","[[0.08, 0.17, 0.13], [1.5, 2.61, 0.64], [0.85, 1.41, 2.36], [1.57, 0.42, 0.62], [0.38, 0.11, 0.6], [1.11, 0.87, 0.05], [0.26, 0.2, 0.41], [1.04, 0.66, 1.76], [1.06, 1.1, 0.68]]","[1, 44, 51, 55, 19, 52, 45, 56, 58]",12.7
160,1788354639098437804,921600,96206,8,8,49.4,"[30.8, 34.3, 34.5, 40.1, 42.6, 44.6, 46.9, 49.4]","['RAIL', 'INSIDE', 'RAIL', 'INSIDE', 'INSIDE', 'INSIDE', 'INSIDE', 'INSIDE']","[[1.58, 0.38, 0.21], [0.94, 1.4, 2.37], [1.54, 0.42, 0.62], [0.48, 0.1, 0.6], [1.24, 0.87, 0.05], [0.28, 0.2, 0.41], [1.02, 0.65, 1.76], [0.83, 1.02, 0.67]]","[5, 51, 55, 19, 52, 45, 56, 58]",22.0
161,1788354639196173756,921600,96373,10,9,49.3,"[33.4, 34.3, 34.4, 40.1, 42.5, 44.6, 45.6, 46.9, 49.3]","['INSIDE', 'INSIDE', 'RAIL', 'INSIDE', 'INSIDE', 'INSIDE', 'INSIDE', 'INSIDE', 'INSIDE']","[[1.09, 1.97, 0.64], [0.88, 1.41, 2.36], [1.56, 0.41, 0.55], [0.39, 0.11, 0.6], [1.08, 0.87, 0.05], [0.27, 0.2, 0.4], [0.86, 0.98, 0.04], [1.05, 0.66, 1.67], [1.07, 1.1, 0.68]]","[44, 51, 55, 19, 52, 45, 54, 56, 58]",19.0
162,1788354639301705724,921600,96041,11,10,89.0,"[0.5, 30.7, 34.4, 34.5, 40.1, 42.6, 44.6, 46.9, 49.5, 89.0]","['RAIL', 'RAIL', 'INSIDE', 'RAIL', 'INSIDE', 'INSIDE', 'INSIDE', 'INSIDE', 'INSIDE', 'INSIDE']","[[0.08, 0.17, 0.12], [1.64, 0.55, 0.21], [0.96, 1.53, 2.37], [1.4, 0.39, 0.62], [0.45, 0.11, 0.53], [1.27, 0.87, 0.05], [0.26, 0.2, 0.4], [1.04, 0.65, 1.76], [0.7, 0.94, 0.67], [0.34, 0.78, 0.37]]","[1, 5, 51, 55, 19, 52, 45, 56, 58, 41]",12.3
163,1788354639405517045,921600,95837,9,9,83.7,"[33.2, 34.3, 34.4, 40.1, 42.5, 44.6, 45.6, 49.4, 83.7]","['INSIDE', 'INSIDE', 'RAIL', 'INSIDE', 'INSIDE', 'INSIDE', 'INSIDE', 'INSIDE', 'INSIDE']","[[1.51, 2.61, 0.64], [0.87, 1.41, 2.36], [1.55, 0.4, 0.62], [0.42, 0.11, 0.6], [1.1, 0.87, 0.05], [0.28, 0.2, 0.41], [0.88, 0.98, 0.04], [0.9, 1.02, 0.68], [0.18, 1.11, 0.23]]","[44, 51, 55, 19, 52, 45, 54, 58, 41]",15.5
164,1788354639503939119,921600,95950,10,9,49.4,"[0.5, 30.7, 34.3, 34.4, 40.1, 42.6, 44.6, 47.0, 49.4]","['RAIL', 'RAIL', 'INSIDE', 'RAIL', 'INSIDE', 'INSIDE', 'INSIDE', 'INSIDE', 'INSIDE']","[[0.09, 0.18, 0.13], [1.68, 0.55, 0.21], [0.94, 1.41, 2.37], [1.56, 0.4, 0.62], [0.51, 0.1, 0.6], [1.23, 0.87, 0.05], [0.27, 0.17, 0.41], [1.01, 0.65, 1.88], [0.87, 1.02, 0.67]]","[1, 5, 51, 55, 19, 52, 45, 56, 58]",13.2
165,1788354639599906134,921600,95961,13,11,79.2,"[31.1, 33.4, 34.3, 34.4, 40.1, 42.5, 44.6, 45.6, 47.0, 49.5, 79.2]","['RAIL', 'INSIDE', 'INSIDE', 'RAIL', 'INSIDE', 'INSIDE', 'INSIDE', 'INSIDE', 'INSIDE', 'INSIDE', 'INSIDE']","[[0.85, 0.31, 0.21], [1.09, 1.97, 0.64], [0.86, 1.39, 2.36], [1.59, 0.44, 0.62], [0.43, 0.11, 0.6], [1.1, 0.87, 0.05], [0.28, 0.2, 0.41], [0.92, 0.98, 0.04], [1.23, 0.65, 1.89], [0.86, 1.02, 0.68], [1.84, 2.22, 0.85]]","[5, 44, 51, 55, 19, 52, 45, 54, 56, 58, 41]",13.6
166,1788354640012489297,921600,95774,10,10,49.3,"[0.5, 33.1, 34.3, 34.4, 40.1, 42.5, 44.6, 45.6, 46.9, 49.3]","['RAIL', 'INSIDE', 'INSIDE', 'RAIL', 'INSIDE', 'INSIDE', 'INSIDE', 'INSIDE', 'INSIDE', 'INSIDE']","[[0.08, 0.18, 0.13], [1.62, 2.71, 0.64], [0.87, 1.41, 2.36], [1.56, 0.41, 0.55], [0.39, 0.11, 0.6], [1.08, 0.87, 0.05], [0.26, 0.17, 0.4], [0.89, 0.98, 0.04], [1.02, 0.65, 1.67], [1.08, 1.1, 0.68]]","[1, 44, 51, 55, 19, 52, 45, 54, 56, 58]",12.3
167,1788354640110141925,921600,95675,11,9,49.5,"[0.5, 30.8, 34.3, 34.5, 40.1, 42.6, 44.6, 46.9, 49.5]","['RAIL', 'RAIL', 'INSIDE', 'RAIL', 'INSIDE', 'INSIDE', 'INSIDE', 'INSIDE', 'INSIDE']","[[0.07, 0.18, 0.12], [1.58, 0.38, 0.21], [0.97, 1.53, 2.37], [1.57, 0.4, 0.62], [0.47, 0.1, 0.6], [1.27, 0.87, 0.05], [0.28, 0.2, 0.4], [1.02, 0.65, 1.76], [0.63, 0.86, 0.67]]","[1, 5, 51, 55, 19, 52, 45, 56, 58]",13.1
168,1788354640206198987,921600,95685,11,11,49.3,"[0.4, 31.1, 33.3, 34.3, 34.4, 40.1, 42.5, 44.6, 45.6, 46.9, 49.3]","['RAIL', 'RAIL', 'INSIDE', 'INSIDE', 'RAIL', 'INSIDE', 'INSIDE', 'INSIDE', 'INSIDE', 'INSIDE', 'INSIDE']","[[0.11, 0.16, 0.11], [0.83, 0.31, 0.21], [1.06, 1.86, 0.63], [0.88, 1.42, 2.36], [1.58, 0.4, 0.62], [0.43, 0.1, 0.6], [1.07, 0.87, 0.05], [0.26, 0.12, 0.4], [0.85, 0.98, 0.04], [1.04, 0.65, 1.67], [1.03, 1.1, 0.67]]","[1, 5, 44, 51, 55, 19, 52, 45, 54, 56, 58]",17.3
169,1788354640296447019,921600,95581,13,11,79.2,"[0.4, 30.7, 33.3, 34.3, 34.4, 40.1, 42.6, 44.6, 46.9, 49.4, 79.2]","['RAIL', 'RAIL', 'INSIDE', 'INSIDE', 'RAIL', 'INSIDE', 'INSIDE', 'INSIDE', 'INSIDE', 'INSIDE', 'INSIDE']","[[0.18, 0.16, 0.15], [1.59, 0.5, 0.21], [1.92, 2.71, 0.66], [0.94, 1.41, 2.37], [1.57, 0.44, 0.62], [0.48, 0.1, 0.6], [1.21, 0.87, 0.05], [0.27, 0.17, 0.41], [1.03, 0.65, 1.76], [0.82, 1.02, 0.67], [1.76, 2.36, 0.84]]","[1, 5, 44, 51, 55, 19, 52, 45, 56, 58, 41]",13.9
170,1788354640399745532,921600,95737,11,10,49.4,"[0.5, 31.1, 33.4, 34.4, 34.8, 39.4, 42.5, 44.6, 46.4, 49.4]","['RAIL', 'RAIL', 'INSIDE', 'INSIDE', 'RAIL', 'INSIDE', 'INSIDE', 'INSIDE', 'OUTSIDE', 'INSIDE']","[[0.08, 0.17, 0.12], [0.9, 0.32, 0.13], [1.06, 1.86, 0.64], [0.9, 1.41, 2.35], [0.57, 0.25, 0.62], [1.79, 0.25, 0.6], [1.02, 0.87, 0.04], [0.27, 0.17, 0.4], [2.61, 2.37, 0.12], [1.15, 1.1, 0.68]]","[1, 5, 44, 51, 55, 19, 52, 45, 54, 58]",18.7
171,1788354640501092399,921600,95646,10,9,49.4,"[30.7, 33.3, 34.3, 34.4, 40.1, 42.6, 44.6, 46.9, 49.4]","['RAIL', 'INSIDE', 'INSIDE', 'RAIL', 'INSIDE', 'INSIDE', 'INSIDE', 'INSIDE', 'INSIDE']","[[1.62, 0.44, 0.21], [1.84, 2.61, 0.66], [0.92, 1.41, 2.37], [1.57, 0.41, 0.55], [0.53, 0.1, 0.6], [1.21, 0.87, 0.05], [0.29, 0.2, 0.41], [1.02, 0.65, 1.76], [0.86, 1.02, 0.67]]","[5, 44, 51, 55, 19, 52, 45, 56, 58]",19.3
172,1788354640597366947,921600,95669,10,9,49.4,"[30.7, 34.3, 34.4, 39.8, 42.4, 44.6, 46.4, 48.5, 49.4]","['RAIL', 'NEAR', 'RAIL', 'INSIDE', 'INSIDE', 'INSIDE', 'OUTSIDE', 'INSIDE', 'INSIDE']","[[1.57, 0.44, 0.13], [0.88, 1.34, 2.07], [1.58, 0.4, 0.62], [1.09, 0.24, 0.6], [0.92, 0.87, 0.04], [0.27, 0.2, 0.4], [2.54, 2.36, 0.11], [0.49, 0.39, 0.56], [0.89, 0.8, 0.68]]","[5, 51, 55, 19, 52, 45, 54, 58, 56]",15.5
173,1788354640698064057,921600,95666,14,11,49.2,"[0.5, 31.1, 33.4, 34.3, 34.4, 39.4, 42.5, 44.6, 45.5, 47.0, 49.2]","['RAIL', 'RAIL', 'INSIDE', 'INSIDE', 'RAIL', 'INSIDE', 'INSIDE', 'INSIDE', 'INSIDE', 'INSIDE', 'INSIDE']","[[0.09, 0.17, 0.13], [0.88, 0.38, 0.21], [1.06, 1.86, 0.64], [0.88, 1.67, 2.35], [1.57, 0.38, 0.62], [1.8, 0.08, 0.54], [1.03, 0.87, 0.04], [0.27, 0.2, 0.41], [0.82, 0.97, 0.04], [1.26, 0.65, 1.89], [1.56, 1.1, 0.68]]","[1, 5, 44, 51, 55, 19, 52, 45, 54, 58, 56]",19.3
174,1788354640794260094,921600,95672,10,9,80.1,"[0.4, 31.3, 34.4, 34.9, 36.3, 44.6, 47.5, 49.4, 80.1]","['RAIL', 'RAIL', 'NEAR', 'RAIL', 'OUTSIDE', 'INSIDE', 'NEAR', 'INSIDE', 'INSIDE']","[[0.13, 0.17, 0.14], [0.52, 0.33, 0.13], [0.87, 1.34, 2.07], [0.45, 0.26, 0.62], [2.48, 2.58, 0.65], [0.27, 0.18, 0.4], [2.19, 1.47, 1.91], [0.8, 0.97, 0.13], [3.89, 5.24, 0.85]]","[1, 5, 51, 55, 44, 45, 58, 56, 41]",13.1
175,1788354640893813142,921600,95791,12,11,82.9,"[0.5, 31.3, 33.4, 34.4, 34.8, 42.4, 44.6, 47.1, 48.5, 49.5, 82.9]","['RAIL', 'RAIL', 'INSIDE', 'INSIDE', 'RAIL', 'INSIDE', 'INSIDE', 'NEAR', 'INSIDE', 'INSIDE', 'OUTSIDE']","[[0.07, 0.16, 0.13], [0.53, 0.31, 0.13], [0.96, 1.86, 0.63], [0.89, 1.79, 2.35], [0.54, 0.3, 0.62], [0.95, 0.87, 0.04], [0.23, 0.2, 0.4], [1.37, 1.48, 1.89], [0.41, 0.39, 0.56], [0.83, 0.8, 0.68], [1.75, 1.86, 0.17]]","[1, 5, 51, 44, 55, 52, 45, 58, 56, 54, 41]",13.3
176,1788354640992597501,921600,95738,10,8,83.1,"[0.5, 31.3, 34.4, 34.9, 36.3, 44.6, 49.5, 83.1]","['RAIL', 'RAIL', 'NEAR', 'RAIL', 'OUTSIDE', 'INSIDE', 'INSIDE', 'INSIDE']","[[0.08, 0.16, 0.13], [0.52, 0.31, 0.13], [0.87, 1.34, 2.07], [0.33, 0.3, 0.62], [2.48, 2.58, 0.65], [0.27, 0.17, 0.4], [0.81, 0.97, 0.13], [2.37, 4.41, 0.97]]","[1, 5, 44, 55, 51, 45, 54, 41]",13.2
177,1788354641098111292,921600,95573,9,9,49.4,"[31.1, 34.3, 34.4, 39.8, 42.6, 44.6, 45.8, 46.9, 49.4]","['RAIL', 'INSIDE', 'RAIL', 'INSIDE', 'INSIDE', 'INSIDE', 'INSIDE', 'INSIDE', 'INSIDE']","[[0.89, 0.33, 0.21], [0.87, 1.41, 2.37], [1.56, 0.42, 0.62], [1.06, 0.1, 0.6], [1.16, 0.87, 0.05], [0.26, 0.17, 0.4], [1.02, 0.98, 0.04], [1.03, 0.65, 1.76], [1.12, 1.1, 0.68]]","[5, 44, 55, 19, 52, 45, 58, 56, 54]",12.3
178,1788354641198693492,921600,95692,14,12,87.2,"[0.5, 31.2, 33.3, 34.3, 34.4, 40.2, 40.2, 42.6, 44.6, 45.9, 46.9, 87.2]","['RAIL', 'RAIL', 'INSIDE', 'INSIDE', 'RAIL', 'INSIDE', 'INSIDE', 'INSIDE', 'INSIDE', 'INSIDE', 'INSIDE', 'RAIL']","[[0.12, 0.17, 0.13], [0.8, 0.38, 0.21], [1.92, 2.72, 0.66], [0.96, 1.4, 2.37], [1.57, 0.42, 0.55], [0.3, 0.11, 0.53], [2.13, 1.88, 0.11], [1.22, 0.87, 0.05], [0.28, 0.24, 0.41], [1.02, 0.99, 0.04], [0.98, 0.65, 1.67], [0.31, 1.01, 0.74]]","[1, 5, 44, 51, 55, 19, 52, 45, 56, 58, 54, 64]",12.3
179,1788354641297882476,921600,95532,10,9,89.1,"[0.5, 31.2, 34.4, 39.5, 40.2, 42.7, 44.6, 46.9, 89.1]","['RAIL', 'RAIL', 'RAIL', 'INSIDE', 'INSIDE', 'INSIDE', 'INSIDE', 'INSIDE', 'INSIDE']","[[0.13, 0.13, 0.14], [0.66, 0.36, 0.21], [1.38, 0.36, 0.62], [0.68, 0.84, 0.04], [0.29, 0.11, 0.53], [1.36, 0.87, 0.06], [0.28, 0.24, 0.41], [1.0, 0.66, 1.67], [0.48, 0.78, 0.37]]","[1, 5, 55, 52, 19, 45, 56, 54, 64]",12.9
180,1788354641399742591,921600,95496,11,10,89.0,"[0.5, 31.0, 34.3, 34.4, 40.1, 42.6, 44.6, 45.8, 46.9, 89.0]","['RAIL', 'RAIL', 'INSIDE', 'RAIL', 'INSIDE', 'INSIDE', 'INSIDE', 'INSIDE', 'INSIDE', 'INSIDE']","[[0.08, 0.17, 0.12], [1.01, 0.32, 0.21], [0.87, 1.4, 2.37], [1.57, 0.44, 0.62], [0.37, 0.11, 0.53], [1.17, 0.87, 0.05], [0.28, 0.2, 0.41], [1.0, 0.98, 0.04], [1.03, 0.65, 1.67], [0.3, 0.78, 0.37]]","[1, 5, 51, 55, 19, 45, 56, 58, 54, 64]",19.2
181,1788354641498160180,921600,95531,10,9,82.8,"[0.5, 31.2, 34.4, 34.7, 40.2, 42.8, 44.6, 46.9, 82.8]","['RAIL', 'RAIL', 'INSIDE', 'RAIL', 'INSIDE', 'INSIDE', 'INSIDE', 'INSIDE', 'INSIDE']","[[0.08, 0.18, 0.11], [0.67, 0.38, 0.21], [1.49, 2.27, 2.41], [1.36, 0.37, 0.62], [0.29, 0.12, 0.53], [1.43, 0.88, 0.06], [0.27, 0.24, 0.4], [1.01, 0.65, 1.88], [1.88, 2.67, 1.07]]","[1, 5, 51, 55, 19, 45, 56, 54, 41]",12.3
182,1788354641605360896,921600,95548,10,9,46.9,"[0.5, 33.4, 34.3, 34.4, 40.1, 42.5, 44.6, 45.6, 46.9]","['RAIL', 'INSIDE', 'INSIDE', 'RAIL', 'INSIDE', 'INSIDE', 'INSIDE', 'INSIDE', 'INSIDE']","[[0.07, 0.16, 0.12], [1.12, 1.98, 0.64], [0.87, 1.41, 2.36], [1.55, 0.44, 0.62], [0.38, 0.11, 0.6], [1.09, 0.87, 0.05], [0.27, 0.12, 0.41], [0.88, 0.98, 0.04], [1.05, 0.65, 1.67]]","[1, 44, 51, 55, 19, 45, 56, 58, 54]",16.0
183,1788354641704828786,921600,95611,8,6,46.9,"[27.9, 31.2, 34.4, 42.7, 44.6, 46.9]","['INSIDE', 'RAIL', 'RAIL', 'INSIDE', 'INSIDE', 'INSIDE']","[[0.7, 1.04, 0.05], [0.7, 0.32, 0.21], [1.4, 0.36, 0.62], [1.39, 0.87, 0.06], [0.28, 0.17, 0.41], [1.03, 0.65, 1.88]]","[44, 5, 55, 45, 56, 54]",12.8
184,1788354641834137859,921600,95499,12,9,89.0,"[0.5, 31.2, 33.3, 34.4, 42.6, 44.6, 45.8, 46.9, 89.0]","['RAIL', 'RAIL', 'INSIDE', 'INSIDE', 'INSIDE', 'INSIDE', 'INSIDE', 'INSIDE', 'INSIDE']","[[0.08, 0.17, 0.13], [0.73, 0.33, 0.21], [1.93, 2.72, 0.66], [0.94, 1.41, 2.37], [1.22, 0.87, 0.05], [0.28, 0.17, 0.41], [0.98, 0.98, 0.04], [1.0, 0.65, 1.67], [0.21, 0.78, 0.18]]","[1, 5, 51, 55, 45, 56, 58, 54, 64]",20.8
185,1788354641898380113,921600,95597,10,8,89.0,"[0.5, 31.2, 40.2, 42.7, 44.6, 47.0, 82.9, 89.0]","['RAIL', 'RAIL', 'INSIDE', 'INSIDE', 'INSIDE', 'INSIDE', 'INSIDE', 'INSIDE']","[[0.11, 0.18, 0.13], [0.71, 0.33, 0.21], [0.34, 0.11, 0.53], [1.35, 0.87, 0.06], [0.28, 0.24, 0.41], [1.05, 0.65, 1.76], [2.04, 3.88, 1.24], [0.28, 0.47, 0.18]]","[1, 5, 19, 45, 56, 54, 41, 64]",23.0
186,1788354641995296444,921600,95586,11,8,87.2,"[0.5, 31.1, 34.4, 42.6, 44.6, 45.8, 46.9, 87.2]","['RAIL', 'RAIL', 'INSIDE', 'INSIDE', 'INSIDE', 'INSIDE', 'INSIDE', 'RAIL']","[[0.07, 0.17, 0.13], [0.79, 0.38, 0.21], [0.88, 1.41, 2.37], [1.18, 0.87, 0.05], [0.26, 0.22, 0.4], [0.96, 0.98, 0.04], [1.01, 0.66, 1.67], [0.36, 1.01, 0.74]]","[1, 5, 55, 45, 56, 58, 54, 64]",21.1
187,1788354642093806987,921600,95552,12,7,82.8,"[0.5, 31.2, 40.2, 42.7, 44.6, 46.9, 82.8]","['RAIL', 'RAIL', 'INSIDE', 'INSIDE', 'INSIDE', 'INSIDE', 'INSIDE']","[[0.07, 0.15, 0.13], [0.66, 0.37, 0.21], [0.26, 0.11, 0.53], [1.4, 0.87, 0.06], [0.25, 0.22, 0.4], [1.0, 0.65, 1.88], [1.96, 3.85, 1.24]]","[1, 5, 19, 45, 56, 54, 41]",12.4
188,1788354642196401076,921600,95680,11,8,82.8,"[34.4, 40.1, 40.2, 42.5, 44.6, 45.7, 46.9, 82.8]","['INSIDE', 'INSIDE', 'INSIDE', 'INSIDE', 'INSIDE', 'INSIDE', 'INSIDE', 'INSIDE']","[[0.85, 1.42, 2.37], [0.34, 0.11, 0.53], [1.9, 1.73, 0.1], [1.15, 0.87, 0.05], [0.26, 0.24, 0.41], [0.98, 0.98, 0.04], [0.98, 0.65, 1.75], [1.99, 3.95, 1.07]]","[55, 19, 52, 45, 56, 58, 54, 41]",13.0
189,1788354642299390141,921600,95650,10,6,82.8,"[0.5, 31.2, 34.7, 44.6, 46.9, 82.8]","['RAIL', 'RAIL', 'INSIDE', 'INSIDE', 'INSIDE', 'INSIDE']","[[0.14, 0.16, 0.13], [0.7, 0.32, 0.21], [1.58, 2.27, 2.41], [0.27, 0.22, 0.41], [0.95, 0.65, 1.75], [1.9, 1.46, 1.07]]","[1, 5, 55, 56, 54, 41]",12.2
190,1788354642396856686,921600,95625,12,8,46.9,"[0.5, 34.4, 40.1, 42.1, 42.5, 44.6, 45.8, 46.9]","['RAIL', 'INSIDE', 'INSIDE', 'RAIL', 'INSIDE', 'INSIDE', 'INSIDE', 'INSIDE']","[[0.07, 0.16, 0.12], [0.85, 1.41, 2.37], [0.46, 0.11, 0.6], [0.27, 0.1, 0.25], [1.13, 0.87, 0.05], [0.27, 0.2, 0.41], [1.01, 0.98, 0.04], [1.02, 0.65, 1.76]]","[1, 55, 19, 52, 45, 56, 58, 54]",15.5
191,1788354642493439857,921600,95636,12,9,89.0,"[0.5, 34.4, 40.1, 42.1, 42.5, 44.6, 46.6, 46.9, 89.0]","['RAIL', 'INSIDE', 'INSIDE', 'RAIL', 'INSIDE', 'INSIDE', 'INSIDE', 'OUTSIDE', 'INSIDE']","[[0.07, 0.16, 0.1], [0.86, 1.4, 2.37], [0.41, 0.11, 0.6], [0.28, 0.1, 0.25], [1.14, 0.87, 0.05], [0.27, 0.17, 0.41], [1.04, 0.65, 1.76], [2.7, 2.38, 0.12], [0.34, 0.93, 0.18]]","[1, 55, 19, 52, 45, 56, 54, 58, 64]",13.5
192,1788354642598632156,921600,95579,10,8,89.1,"[0.5, 29.9, 31.2, 42.6, 44.6, 46.9, 49.5, 89.1]","['RAIL', 'INSIDE', 'RAIL', 'INSIDE', 'INSIDE', 'INSIDE', 'INSIDE', 'INSIDE']","[[0.08, 0.17, 0.12], [2.38, 2.91, 0.19], [0.67, 0.33, 0.21], [1.27, 0.87, 0.05], [0.26, 0.2, 0.4], [0.98, 0.65, 1.76], [0.66, 0.94, 0.67], [0.32, 0.78, 0.37]]","[1, 44, 5, 45, 56, 54, 68, 64]",17.3
193,1788354642697424325,921600,95592,10,8,89.1,"[0.5, 31.2, 42.7, 44.6, 46.9, 49.6, 82.8, 89.1]","['RAIL', 'RAIL', 'INSIDE', 'INSIDE', 'INSIDE', 'INSIDE', 'INSIDE', 'INSIDE']","[[0.09, 0.17, 0.13], [0.67, 0.36, 0.21], [1.31, 0.87, 0.06], [0.26, 0.2, 0.4], [1.01, 0.65, 1.76], [0.66, 0.94, 0.67], [2.02, 3.88, 1.24], [0.42, 0.78, 0.37]]","[1, 5, 45, 56, 54, 68, 41, 64]",13.7
194,1788354642795528417,921600,95643,12,10,49.4,"[0.4, 30.7, 33.3, 34.3, 40.1, 42.6, 44.6, 45.8, 46.9, 49.4]","['RAIL', 'RAIL', 'INSIDE', 'RAIL', 'INSIDE', 'INSIDE', 'INSIDE', 'INSIDE', 'INSIDE', 'INSIDE']","[[0.09, 0.16, 0.12], [1.62, 0.38, 0.21], [1.93, 2.71, 0.66], [1.52, 0.42, 0.55], [0.49, 0.1, 0.6], [1.22, 0.87, 0.05], [0.24, 0.2, 0.4], [1.02, 0.98, 0.04], [1.07, 0.65, 1.67], [1.16, 1.1, 0.68]]","[1, 5, 55, 44, 19, 45, 56, 58, 54, 68]",17.0
195,1788354642892978639,921600,95609,9,8,82.9,"[31.2, 34.3, 40.2, 42.6, 44.6, 46.9, 49.5, 82.9]","['RAIL', 'RAIL', 'INSIDE', 'INSIDE', 'INSIDE', 'INSIDE', 'INSIDE', 'INSIDE']","[[0.79, 0.32, 0.21], [1.55, 0.42, 0.62], [0.35, 0.11, 0.53], [1.24, 0.87, 0.05], [0.26, 0.24, 0.4], [1.0, 0.65, 1.67], [0.78, 1.02, 0.67], [2.05, 3.59, 1.24]]","[5, 44, 19, 45, 56, 54, 68, 41]",14.6
196,1788354642995860694,921600,95619,9,8,87.2,"[0.5, 31.2, 34.4, 42.8, 44.6, 46.9, 49.6, 87.2]","['RAIL', 'RAIL', 'RAIL', 'INSIDE', 'INSIDE', 'INSIDE', 'INSIDE', 'RAIL']","[[0.08, 0.17, 0.13], [0.61, 0.33, 0.21], [1.38, 0.38, 0.62], [1.38, 0.88, 0.06], [0.27, 0.2, 0.4], [0.97, 0.61, 1.66], [0.63, 0.77, 0.67], [0.27, 1.47, 0.74]]","[1, 5, 44, 45, 56, 54, 68, 64]",14.6
197,1788354643092442368,921600,95586,8,8,82.8,"[31.2, 34.4, 40.3, 42.8, 44.6, 47.0, 49.6, 82.8]","['RAIL', 'RAIL', 'INSIDE', 'INSIDE', 'INSIDE', 'INSIDE', 'INSIDE', 'INSIDE']","[[0.61, 0.38, 0.21], [1.39, 0.37, 0.62], [0.26, 0.12, 0.52], [1.41, 0.88, 0.06], [0.24, 0.22, 0.4], [0.99, 0.61, 1.88], [0.66, 0.86, 0.67], [1.96, 3.85, 1.24]]","[5, 44, 19, 45, 56, 54, 68, 41]",13.2
198,1788354643194303262,921600,95683,6,6,49.6,"[31.2, 34.4, 42.7, 44.6, 46.9, 49.6]","['RAIL', 'RAIL', 'INSIDE', 'INSIDE', 'INSIDE', 'INSIDE']","[[0.67, 0.33, 0.21], [1.36, 0.37, 0.55], [1.32, 0.87, 0.06], [0.26, 0.2, 0.41], [1.0, 0.65, 1.67], [0.67, 0.94, 0.67]]","[5, 44, 45, 56, 54, 68]",21.9
199,1788354643298794875,921600,95575,9,8,89.0,"[0.5, 31.2, 34.3, 42.7, 44.6, 46.9, 49.5, 89.0]","['RAIL', 'RAIL', 'RAIL', 'INSIDE', 'INSIDE', 'INSIDE', 'INSIDE', 'INSIDE']","[[0.06, 0.16, 0.11], [0.69, 0.33, 0.21], [1.54, 0.4, 0.62], [1.31, 0.87, 0.06], [0.26, 0.2, 0.4], [0.99, 0.65, 1.75], [0.69, 0.94, 0.67], [0.44, 0.78, 0.37]]","[1, 5, 44, 45, 56, 54, 68, 64]",22.7
200,1788354643400819161,921600,95632,8,7,82.8,"[31.2, 34.3, 42.6, 44.6, 46.9, 49.5, 82.8]","['RAIL', 'RAIL', 'INSIDE', 'INSIDE', 'INSIDE', 'INSIDE', 'INSIDE']","[[0.71, 0.33, 0.21], [1.58, 0.42, 0.62], [1.26, 0.87, 0.05], [0.28, 0.17, 0.4], [0.98, 0.66, 1.76], [0.79, 1.02, 0.68], [1.99, 3.85, 1.24]]","[5, 44, 45, 56, 54, 68, 41]",13.0
201,1788354643502070680,921600,95570,11,8,82.9,"[0.5, 31.3, 34.4, 42.8, 44.6, 46.9, 49.6, 82.9]","['RAIL', 'RAIL', 'RAIL', 'INSIDE', 'INSIDE', 'INSIDE', 'INSIDE', 'INSIDE']","[[0.1, 0.18, 0.13], [0.56, 0.32, 0.21], [1.36, 0.33, 0.62], [1.42, 0.88, 0.06], [0.25, 0.24, 0.4], [0.99, 0.65, 1.75], [0.62, 0.77, 0.67], [1.92, 2.67, 1.07]]","[1, 5, 44, 45, 56, 54, 68, 41]",19.6
